Fold,Date,Stock_Code,Stock_Name,Predict_Prob,Actual_Return,Error_Type,Possible_Reason
1,2025-01-03 00:00:00+00:00,0012.HK,恒基地产,0.7799997769291155,-0.004729729729729626,False Positive,高概率预测但实际下跌
1,2025-01-08 00:00:00+00:00,0012.HK,恒基地产,0.7455661381611208,-0.006973500697350032,False Positive,高概率预测但实际下跌
1,2025-01-15 00:00:00+00:00,0012.HK,恒基地产,0.7029706407612559,-0.009174311926605339,False Positive,高概率预测但实际下跌
1,2025-01-22 00:00:00+00:00,0012.HK,恒基地产,0.7429558962060657,-0.01768033946251768,False Positive,高概率预测但实际下跌
1,2025-01-27 00:00:00+00:00,0012.HK,恒基地产,0.7281729696217036,-0.0035688793718772205,False Positive,高概率预测但实际下跌
1,2025-01-10 00:00:00+00:00,0016.HK,新鸿基地产,0.7849024760479613,-0.015021459227468004,False Positive,高概率预测但实际下跌
1,2025-01-27 00:00:00+00:00,0016.HK,新鸿基地产,0.883929403070229,-0.001982815598149501,False Positive,高概率预测但实际下跌
1,2025-01-07 00:00:00+00:00,0388.HK,香港交易所,0.8410740198632701,-0.027397260273972712,False Positive,高概率预测但实际下跌
1,2025-01-09 00:00:00+00:00,0700.HK,腾讯控股,0.8457008015249917,-0.010373443983402675,False Positive,高概率预测但实际下跌
1,2025-01-21 00:00:00+00:00,0883.HK,中国海洋石油,0.7527872104922708,-0.014586709886547755,False Positive,高概率预测但实际下跌
1,2025-01-02 00:00:00+00:00,0005.HK,汇丰银行,0.22261356782844327,0.004319654427645814,False Negative,低概率预测但实际上涨
1,2025-01-23 00:00:00+00:00,0005.HK,汇丰银行,0.2883946963865262,0.0022883295194506825,False Negative,低概率预测但实际上涨
1,2025-01-28 00:00:00+00:00,0005.HK,汇丰银行,0.29537379978587297,2.4166666666666665,False Negative,低概率预测但实际上涨
1,2025-01-13 00:00:00+00:00,0388.HK,香港交易所,0.27509634703527225,0.024590163934426146,False Negative,低概率预测但实际上涨
1,2025-01-27 00:00:00+00:00,0388.HK,香港交易所,0.2576379562576372,0.01415571284125372,False Negative,低概率预测但实际上涨
1,2025-01-02 00:00:00+00:00,0700.HK,腾讯控股,0.1779422665622731,0.00424628450106157,False Negative,低概率预测但实际上涨
1,2025-01-03 00:00:00+00:00,0700.HK,腾讯控股,0.10257918083706094,0.006342494714587588,False Negative,低概率预测但实际上涨
1,2025-01-08 00:00:00+00:00,0700.HK,腾讯控股,0.2976401278908603,0.01048218029350112,False Negative,低概率预测但实际上涨
1,2025-01-14 00:00:00+00:00,0700.HK,腾讯控股,0.25741005882493684,0.0021459227467810482,False Negative,低概率预测但实际上涨
1,2025-01-16 00:00:00+00:00,0700.HK,腾讯控股,0.27324466817929965,0.008528784648187626,False Negative,低概率预测但实际上涨
2,2025-02-21 00:00:00+00:00,0005.HK,汇丰银行,0.7412523085941137,-0.026066350710900466,False Positive,高概率预测但实际下跌
2,2025-02-25 00:00:00+00:00,0005.HK,汇丰银行,0.7262349845666628,-0.0071770334928229484,False Positive,高概率预测但实际下跌
2,2025-02-10 00:00:00+00:00,0012.HK,恒基地产,0.8053478003452326,-0.0007132667617688604,False Positive,高概率预测但实际下跌
2,2025-02-11 00:00:00+00:00,0012.HK,恒基地产,0.7758917367846387,-0.012134189864382527,False Positive,高概率预测但实际下跌
2,2025-02-11 00:00:00+00:00,0016.HK,新鸿基地产,0.7650935146353589,-0.0074906367041197575,False Positive,高概率预测但实际下跌
2,2025-02-19 00:00:00+00:00,0883.HK,中国海洋石油,0.8173187089839243,-0.0014836795252225476,False Positive,高概率预测但实际下跌
2,2025-02-25 00:00:00+00:00,0883.HK,中国海洋石油,0.8256797566968468,-0.014880952380952328,False Positive,高概率预测但实际下跌
2,2025-02-27 00:00:00+00:00,0883.HK,中国海洋石油,0.8008570474151364,-0.0029761904761904656,False Positive,高概率预测但实际下跌
2,2025-02-28 00:00:00+00:00,0883.HK,中国海洋石油,0.8019299740438082,-0.016417910447761197,False Positive,高概率预测但实际下跌
2,2025-02-05 00:00:00+00:00,0939.HK,建设银行,0.7524065874113698,-0.010457516339869244,False Positive,高概率预测但实际下跌
2,2025-02-03 00:00:00+00:00,0012.HK,恒基地产,0.25163686898206955,2.3176470588235296,False Negative,低概率预测但实际上涨
2,2025-02-04 00:00:00+00:00,0012.HK,恒基地产,0.2108124786662284,0.009219858156028549,False Negative,低概率预测但实际上涨
2,2025-02-12 00:00:00+00:00,0012.HK,恒基地产,0.21896884206464914,0.037572254335260125,False Negative,低概率预测但实际上涨
2,2025-02-04 00:00:00+00:00,0016.HK,新鸿基地产,0.2262666102043231,0.0344827586206895,False Negative,低概率预测但实际上涨
2,2025-02-12 00:00:00+00:00,0016.HK,新鸿基地产,0.2519505431288114,0.055974842767295696,False Negative,低概率预测但实际上涨
2,2025-02-14 00:00:00+00:00,0016.HK,新鸿基地产,0.29588649224762975,0.042971147943523524,False Negative,低概率预测但实际上涨
2,2025-02-27 00:00:00+00:00,0016.HK,新鸿基地产,0.22053323770061412,0.010520487264673362,False Negative,低概率预测但实际上涨
2,2025-02-03 00:00:00+00:00,0388.HK,香港交易所,0.2670857474686462,0.1548571428571428,False Negative,低概率预测但实际上涨
2,2025-02-04 00:00:00+00:00,0388.HK,香港交易所,0.21309841327792511,0.04106877783275609,False Negative,低概率预测但实际上涨
2,2025-02-07 00:00:00+00:00,0388.HK,香港交易所,0.2137405103194576,0.018553758325404512,False Negative,低概率预测但实际上涨
3,2025-03-10 00:00:00+00:00,0005.HK,汇丰银行,0.8389168987961395,-0.004395604395604491,False Positive,高概率预测但实际下跌
3,2025-03-24 00:00:00+00:00,0005.HK,汇丰银行,0.733448435351895,-0.017391304347825987,False Positive,高概率预测但实际下跌
3,2025-03-13 00:00:00+00:00,0012.HK,恒基地产,0.7195040301450639,-0.016905071521456594,False Positive,高概率预测但实际下跌
3,2025-03-25 00:00:00+00:00,0012.HK,恒基地产,0.8806395641445136,-0.01851851851851838,False Positive,高概率预测但实际下跌
3,2025-03-28 00:00:00+00:00,0012.HK,恒基地产,0.7100873581457259,-0.007323568575232975,False Positive,高概率预测但实际下跌
3,2025-03-13 00:00:00+00:00,0016.HK,新鸿基地产,0.7367849633010428,-0.0017142857142857792,False Positive,高概率预测但实际下跌
3,2025-03-21 00:00:00+00:00,0016.HK,新鸿基地产,0.8342582596938455,-0.014933333333333354,False Positive,高概率预测但实际下跌
3,2025-03-25 00:00:00+00:00,0016.HK,新鸿基地产,0.8041949788906162,-0.002216066481994461,False Positive,高概率预测但实际下跌
3,2025-03-10 00:00:00+00:00,0388.HK,香港交易所,0.8199670176868836,-0.01930147058823528,False Positive,高概率预测但实际下跌
3,2025-03-14 00:00:00+00:00,0388.HK,香港交易所,0.74606792856253,-0.0087890625,False Positive,高概率预测但实际下跌
3,2025-03-05 00:00:00+00:00,0012.HK,恒基地产,0.2685549529120316,0.0033602150537634934,False Negative,低概率预测但实际上涨
3,2025-03-06 00:00:00+00:00,0012.HK,恒基地产,0.15064207353199124,0.016075016744808934,False Negative,低概率预测但实际上涨
3,2025-03-07 00:00:00+00:00,0012.HK,恒基地产,0.16996413694005777,0.012524719841793042,False Negative,低概率预测但实际上涨
3,2025-03-20 00:00:00+00:00,0012.HK,恒基地产,0.20864397319771133,0.003853564547206423,False Negative,低概率预测但实际上涨
3,2025-03-04 00:00:00+00:00,0016.HK,新鸿基地产,0.13242043753864838,3.598105548037889,False Negative,低概率预测但实际上涨
3,2025-03-27 00:00:00+00:00,0388.HK,香港交易所,0.2645053194212582,0.008964143426294813,False Negative,低概率预测但实际上涨
3,2025-03-07 00:00:00+00:00,0700.HK,腾讯控股,0.19695157540328398,0.016666666666666607,False Negative,低概率预测但实际上涨
3,2025-03-03 00:00:00+00:00,0883.HK,中国海洋石油,0.19948688685512447,0.003250270855904569,False Negative,低概率预测但实际上涨
3,2025-03-07 00:00:00+00:00,0883.HK,中国海洋石油,0.17322325660970234,0.007374631268436627,False Negative,低概率预测但实际上涨
3,2025-03-14 00:00:00+00:00,0883.HK,中国海洋石油,0.1988586631890155,0.006015037593984918,False Negative,低概率预测但实际上涨
4,2025-04-15 00:00:00+00:00,0005.HK,汇丰银行,0.703258920134498,-0.009638554216867434,False Positive,高概率预测但实际下跌
4,2025-04-15 00:00:00+00:00,0388.HK,香港交易所,0.7407553459454064,-0.01754385964912286,False Positive,高概率预测但实际下跌
4,2025-04-28 00:00:00+00:00,0388.HK,香港交易所,0.809572053773662,-0.010874111250522733,False Positive,高概率预测但实际下跌
4,2025-04-16 00:00:00+00:00,0700.HK,腾讯控股,0.7161193645551129,-0.006734006734006703,False Positive,高概率预测但实际下跌
4,2025-04-24 00:00:00+00:00,0700.HK,腾讯控股,0.8287585746194774,-0.019891500904159143,False Positive,高概率预测但实际下跌
4,2025-04-29 00:00:00+00:00,0700.HK,腾讯控股,0.7498046289373946,-0.009276437847866359,False Positive,高概率预测但实际下跌
4,2025-04-30 00:00:00+00:00,0728.HK,中国电信,0.8613199387898667,-0.587708830548926,False Positive,高概率预测但实际下跌
4,2025-04-02 00:00:00+00:00,0883.HK,中国海洋石油,0.8120245465395639,-0.0028860028860028253,False Positive,高概率预测但实际下跌
4,2025-04-07 00:00:00+00:00,0883.HK,中国海洋石油,0.7376806914651651,-0.009554140127388644,False Positive,高概率预测但实际下跌
4,2025-04-08 00:00:00+00:00,0883.HK,中国海洋石油,0.7647565576046425,-0.014469453376205754,False Positive,高概率预测但实际下跌
4,2025-04-01 00:00:00+00:00,0005.HK,汇丰银行,0.1784097214997923,0.0022123893805308104,False Negative,低概率预测但实际上涨
4,2025-04-29 00:00:00+00:00,0005.HK,汇丰银行,0.2700333504313493,0.01851851851851838,False Negative,低概率预测但实际上涨
4,2025-04-17 00:00:00+00:00,0012.HK,恒基地产,0.2832255650289169,0.009167842031029494,False Negative,低概率预测但实际上涨
4,2025-04-01 00:00:00+00:00,0016.HK,新鸿基地产,0.08914603604195291,0.016666666666666607,False Negative,低概率预测但实际上涨
4,2025-04-17 00:00:00+00:00,0016.HK,新鸿基地产,0.29314200969616777,0.009656004828002551,False Negative,低概率预测但实际上涨
4,2025-04-22 00:00:00+00:00,0016.HK,新鸿基地产,0.2740329381388292,0.02092050209205021,False Negative,低概率预测但实际上涨
4,2025-04-07 00:00:00+00:00,0388.HK,香港交易所,0.20112615082284735,0.011483693155718955,False Negative,低概率预测但实际上涨
4,2025-04-09 00:00:00+00:00,0388.HK,香港交易所,0.2962990066085228,0.008159564823209564,False Negative,低概率预测但实际上涨
4,2025-04-01 00:00:00+00:00,0700.HK,腾讯控股,0.09077573410661478,0.006779661016949268,False Negative,低概率预测但实际上涨
4,2025-04-02 00:00:00+00:00,0700.HK,腾讯控股,0.13245310401311222,0.025252525252525082,False Negative,低概率预测但实际上涨
5,2025-05-02 00:00:00+00:00,0005.HK,汇丰银行,0.914132754595369,-0.7598702001081665,False Positive,高概率预测但实际下跌
5,2025-05-08 00:00:00+00:00,0005.HK,汇丰银行,0.9196734820495951,-0.0022026431718061845,False Positive,高概率预测但实际下跌
5,2025-05-23 00:00:00+00:00,0005.HK,汇丰银行,0.7440940761174052,-0.002053388090349051,False Positive,高概率预测但实际下跌
5,2025-05-13 00:00:00+00:00,0388.HK,香港交易所,0.9160531072515522,-0.022222222222222254,False Positive,高概率预测但实际下跌
5,2025-05-15 00:00:00+00:00,0388.HK,香港交易所,0.8477304613312863,-0.0019193857965451588,False Positive,高概率预测但实际下跌
5,2025-05-16 00:00:00+00:00,0388.HK,香港交易所,0.9678416183795618,-0.023076923076923106,False Positive,高概率预测但实际下跌
5,2025-05-22 00:00:00+00:00,0388.HK,香港交易所,0.8514173452727294,-0.007684918347742542,False Positive,高概率预测但实际下跌
5,2025-05-26 00:00:00+00:00,0388.HK,香港交易所,0.7763944694539304,-0.015444015444015413,False Positive,高概率预测但实际下跌
5,2025-05-28 00:00:00+00:00,0388.HK,香港交易所,0.8344297483282302,-0.01171875,False Positive,高概率预测但实际下跌
5,2025-05-30 00:00:00+00:00,0388.HK,香港交易所,0.7300509890193175,-0.024094025465230207,False Positive,高概率预测但实际下跌
5,2025-05-20 00:00:00+00:00,0005.HK,汇丰银行,0.2050774270371353,0.0020618556701030855,False Negative,低概率预测但实际上涨
5,2025-05-06 00:00:00+00:00,0012.HK,恒基地产,0.1977712733258989,0.016205266711681432,False Negative,低概率预测但实际上涨
5,2025-05-07 00:00:00+00:00,0012.HK,恒基地产,0.1599649400078306,0.01661129568106312,False Negative,低概率预测但实际上涨
5,2025-05-09 00:00:00+00:00,0012.HK,恒基地产,0.1932604484764463,0.050458715596330306,False Negative,低概率预测但实际上涨
5,2025-05-12 00:00:00+00:00,0012.HK,恒基地产,0.1524687262870995,0.014348097317529618,False Negative,低概率预测但实际上涨
5,2025-05-14 00:00:00+00:00,0012.HK,恒基地产,0.2311846653636841,0.005521472392638005,False Negative,低概率预测但实际上涨
5,2025-05-20 00:00:00+00:00,0012.HK,恒基地产,0.2345319236435394,0.013597033374536327,False Negative,低概率预测但实际上涨
5,2025-05-21 00:00:00+00:00,0012.HK,恒基地产,0.10241125912228241,0.004268292682926722,False Negative,低概率预测但实际上涨
5,2025-05-28 00:00:00+00:00,0012.HK,恒基地产,0.22940095473927646,0.0006038647342994086,False Negative,低概率预测但实际上涨
5,2025-05-29 00:00:00+00:00,0012.HK,恒基地产,0.25897624257968016,0.0036210018105009567,False Negative,低概率预测但实际上涨
6,2025-06-02 00:00:00+00:00,0012.HK,恒基地产,0.8277064475417802,-0.005434782608695676,False Positive,高概率预测但实际下跌
6,2025-06-05 00:00:00+00:00,0012.HK,恒基地产,0.7729559336400085,-0.012956419316843437,False Positive,高概率预测但实际下跌
6,2025-06-11 00:00:00+00:00,0012.HK,恒基地产,0.8005052009196124,-0.008225616921268997,False Positive,高概率预测但实际下跌
6,2025-06-02 00:00:00+00:00,0016.HK,新鸿基地产,0.8090451978229329,-0.005521811154058587,False Positive,高概率预测但实际下跌
6,2025-06-11 00:00:00+00:00,0016.HK,新鸿基地产,0.8203768226234721,-0.00240500240500241,False Positive,高概率预测但实际下跌
6,2025-06-13 00:00:00+00:00,0016.HK,新鸿基地产,0.7043429139585199,-0.021408182683158916,False Positive,高概率预测但实际下跌
6,2025-06-20 00:00:00+00:00,0016.HK,新鸿基地产,0.724027940706516,-0.03514851485148507,False Positive,高概率预测但实际下跌
6,2025-06-19 00:00:00+00:00,0388.HK,香港交易所,0.7077481953888564,-0.01071080817916259,False Positive,高概率预测但实际下跌
6,2025-06-20 00:00:00+00:00,0388.HK,香港交易所,0.7163185453655826,-0.019685039370078705,False Positive,高概率预测但实际下跌
6,2025-06-23 00:00:00+00:00,0728.HK,中国电信,0.8037777746626421,-0.006659267480577213,False Positive,高概率预测但实际下跌
6,2025-06-11 00:00:00+00:00,0005.HK,汇丰银行,0.28435918146005806,0.012096774193548487,False Negative,低概率预测但实际上涨
6,2025-06-17 00:00:00+00:00,0005.HK,汇丰银行,0.28322343711192655,0.04669260700389111,False Negative,低概率预测但实际上涨
6,2025-06-23 00:00:00+00:00,0005.HK,汇丰银行,0.276740533115168,0.013108614232209881,False Negative,低概率预测但实际上涨
6,2025-06-24 00:00:00+00:00,0005.HK,汇丰银行,0.29359417316709435,0.01663585951940849,False Negative,低概率预测但实际上涨
6,2025-06-26 00:00:00+00:00,0005.HK,汇丰银行,0.2727932352539107,0.045454545454545414,False Negative,低概率预测但实际上涨
6,2025-06-17 00:00:00+00:00,0012.HK,恒基地产,0.28533175515084347,0.007510109763142703,False Negative,低概率预测但实际上涨
6,2025-06-10 00:00:00+00:00,0388.HK,香港交易所,0.1261543408103181,0.005825242718446644,False Negative,低概率预测但实际上涨
6,2025-06-25 00:00:00+00:00,0388.HK,香港交易所,0.25182027924680134,0.010912698412698374,False Negative,低概率预测但实际上涨
6,2025-06-26 00:00:00+00:00,0388.HK,香港交易所,0.2036511000682582,0.0058881256133465065,False Negative,低概率预测但实际上涨
6,2025-06-10 00:00:00+00:00,0700.HK,腾讯控股,0.2781101831244888,0.003472222222222321,False Negative,低概率预测但实际上涨
7,2025-07-02 00:00:00+00:00,0005.HK,汇丰银行,0.8143483127047331,-0.03819444444444442,False Positive,高概率预测但实际下跌
7,2025-07-03 00:00:00+00:00,0005.HK,汇丰银行,0.8710975073105554,-0.008251676121712181,False Positive,高概率预测但实际下跌
7,2025-07-04 00:00:00+00:00,0005.HK,汇丰银行,0.7641321100186994,-0.6989079563182528,False Positive,高概率预测但实际下跌
7,2025-07-08 00:00:00+00:00,0005.HK,汇丰银行,0.8665167580741082,-0.0034423407917384408,False Positive,高概率预测但实际下跌
7,2025-07-10 00:00:00+00:00,0005.HK,汇丰银行,0.8691691525081088,-0.020725388601036232,False Positive,高概率预测但实际下跌
7,2025-07-11 00:00:00+00:00,0005.HK,汇丰银行,0.8977890095998148,-0.0864197530864198,False Positive,高概率预测但实际下跌
7,2025-07-14 00:00:00+00:00,0005.HK,汇丰银行,0.8456515677086497,-0.0038610038610037423,False Positive,高概率预测但实际下跌
7,2025-07-18 00:00:00+00:00,0005.HK,汇丰银行,0.8951191815696801,-0.007532956685499026,False Positive,高概率预测但实际下跌
7,2025-07-22 00:00:00+00:00,0005.HK,汇丰银行,0.9512021013101412,-0.0037664783427495685,False Positive,高概率预测但实际下跌
7,2025-07-02 00:00:00+00:00,0016.HK,新鸿基地产,0.7538892454559512,-0.003159557661927326,False Positive,高概率预测但实际下跌
7,2025-07-21 00:00:00+00:00,0012.HK,恒基地产,0.2704766030191994,0.01612903225806428,False Negative,低概率预测但实际上涨
7,2025-07-24 00:00:00+00:00,0012.HK,恒基地产,0.27837443398423006,0.005500550055005604,False Negative,低概率预测但实际上涨
7,2025-07-30 00:00:00+00:00,0388.HK,香港交易所,0.296173244748196,0.009082652134423164,False Negative,低概率预测但实际上涨
7,2025-07-03 00:00:00+00:00,0700.HK,腾讯控股,0.152172790873671,0.0018214936247722413,False Negative,低概率预测但实际上涨
7,2025-07-07 00:00:00+00:00,0700.HK,腾讯控股,0.14105998867425087,0.0017921146953405742,False Negative,低概率预测但实际上涨
7,2025-07-14 00:00:00+00:00,0700.HK,腾讯控股,0.17661398985265064,0.0036363636363636598,False Negative,低概率预测但实际上涨
7,2025-07-17 00:00:00+00:00,0700.HK,腾讯控股,0.23593970769690456,0.01426024955436711,False Negative,低概率预测但实际上涨
7,2025-07-25 00:00:00+00:00,0700.HK,腾讯控股,0.1911200606871601,0.0034965034965035446,False Negative,低概率预测但实际上涨
7,2025-07-31 00:00:00+00:00,0700.HK,腾讯控股,0.25035318359440506,0.025641025641025772,False Negative,低概率预测但实际上涨
7,2025-07-02 00:00:00+00:00,0728.HK,中国电信,0.28777686233366107,0.008333333333333304,False Negative,低概率预测但实际上涨
8,2025-08-15 00:00:00+00:00,0016.HK,新鸿基地产,0.8123403320968131,-0.0013642564802183177,False Positive,高概率预测但实际下跌
8,2025-08-20 00:00:00+00:00,0700.HK,腾讯控股,0.7291878651578564,-0.012499999999999956,False Positive,高概率预测但实际下跌
8,2025-08-11 00:00:00+00:00,0941.HK,中国移动,0.8016886933202725,-0.08188679245283026,False Positive,高概率预测但实际下跌
8,2025-08-18 00:00:00+00:00,0981.HK,中芯国际,0.7152092074370187,-0.014415376401494928,False Positive,高概率预测但实际下跌
8,2025-08-21 00:00:00+00:00,0981.HK,中芯国际,0.8707468915260621,-0.0038888888888889417,False Positive,高概率预测但实际下跌
8,2025-08-18 00:00:00+00:00,1109.HK,华润置地,0.7616913546573485,-0.004566210045662156,False Positive,高概率预测但实际下跌
8,2025-08-04 00:00:00+00:00,1138.HK,中远海能,0.8631689636693971,-0.2668579626972739,False Positive,高概率预测但实际下跌
8,2025-08-07 00:00:00+00:00,1138.HK,中远海能,0.8922272267509552,-0.020446096654275103,False Positive,高概率预测但实际下跌
8,2025-08-12 00:00:00+00:00,1138.HK,中远海能,0.7419052917538965,-0.0018552875695732052,False Positive,高概率预测但实际下跌
8,2025-08-27 00:00:00+00:00,1138.HK,中远海能,0.856900684058655,-0.014545454545454528,False Positive,高概率预测但实际下跌
8,2025-08-06 00:00:00+00:00,0005.HK,汇丰银行,0.2553155353044189,0.001446131597975464,False Negative,低概率预测但实际上涨
8,2025-08-15 00:00:00+00:00,0005.HK,汇丰银行,0.2627164774769828,0.00836236933797907,False Negative,低概率预测但实际上涨
8,2025-08-21 00:00:00+00:00,0005.HK,汇丰银行,0.22484942707629846,0.007374631268436627,False Negative,低概率预测但实际上涨
8,2025-08-07 00:00:00+00:00,0012.HK,恒基地产,0.1484685933988936,0.009693053311793376,False Negative,低概率预测但实际上涨
8,2025-08-14 00:00:00+00:00,0012.HK,恒基地产,0.12243896382595121,0.01544195953141636,False Negative,低概率预测但实际上涨
8,2025-08-21 00:00:00+00:00,0012.HK,恒基地产,0.29577509306130473,0.023178807947019875,False Negative,低概率预测但实际上涨
8,2025-08-25 00:00:00+00:00,0012.HK,恒基地产,0.08563188724298508,0.0005324813631522041,False Negative,低概率预测但实际上涨
8,2025-08-14 00:00:00+00:00,0016.HK,新鸿基地产,0.19459682789482366,0.022790697674418547,False Negative,低概率预测但实际上涨
8,2025-08-26 00:00:00+00:00,0016.HK,新鸿基地产,0.2490438415205296,0.03303571428571428,False Negative,低概率预测但实际上涨
8,2025-08-01 00:00:00+00:00,0388.HK,香港交易所,0.26574783553633397,0.002667852378835045,False Negative,低概率预测但实际上涨
9,2025-09-24 00:00:00+00:00,0388.HK,香港交易所,0.7647973416624286,-0.0023346303501945442,False Positive,高概率预测但实际下跌
9,2025-09-01 00:00:00+00:00,0728.HK,中国电信,0.7361386032986799,-0.0055658627087197265,False Positive,高概率预测但实际下跌
9,2025-09-05 00:00:00+00:00,0728.HK,中国电信,0.839217778470563,-0.009471585244267056,False Positive,高概率预测但实际下跌
9,2025-09-08 00:00:00+00:00,0728.HK,中国电信,0.7061971142072485,-0.004026170105687066,False Positive,高概率预测但实际下跌
9,2025-09-18 00:00:00+00:00,0728.HK,中国电信,0.759721187765016,-0.008726899383983633,False Positive,高概率预测但实际下跌
9,2025-09-22 00:00:00+00:00,0728.HK,中国电信,0.7781110728246057,-0.01753481175863847,False Positive,高概率预测但实际下跌
9,2025-09-29 00:00:00+00:00,0728.HK,中国电信,0.7202431056507655,-0.0036706869428422273,False Positive,高概率预测但实际下跌
9,2025-09-03 00:00:00+00:00,0883.HK,中国海洋石油,0.7720948113872668,-0.6034663865546218,False Positive,高概率预测但实际下跌
9,2025-09-05 00:00:00+00:00,0883.HK,中国海洋石油,0.8681915981835093,-0.00909090909090915,False Positive,高概率预测但实际下跌
9,2025-09-08 00:00:00+00:00,0883.HK,中国海洋石油,0.7999215488253484,-0.005242463958060273,False Positive,高概率预测但实际下跌
9,2025-09-11 00:00:00+00:00,0005.HK,汇丰银行,0.29800910349215404,0.017306245297215916,False Negative,低概率预测但实际上涨
9,2025-09-30 00:00:00+00:00,0012.HK,恒基地产,0.22447663373787033,0.006040637012630468,False Negative,低概率预测但实际上涨
9,2025-09-10 00:00:00+00:00,0016.HK,新鸿基地产,0.2730038869972727,0.0013774104683195176,False Negative,低概率预测但实际上涨
9,2025-09-16 00:00:00+00:00,0016.HK,新鸿基地产,0.276297376669233,0.009909909909909809,False Negative,低概率预测但实际上涨
9,2025-09-18 00:00:00+00:00,0016.HK,新鸿基地产,0.2691299596853648,0.005340453938584844,False Negative,低概率预测但实际上涨
9,2025-09-26 00:00:00+00:00,0016.HK,新鸿基地产,0.2313600960446098,0.0018289894833105613,False Negative,低概率预测但实际上涨
9,2025-09-09 00:00:00+00:00,0700.HK,腾讯控股,0.23477436073726785,0.005291005291005346,False Negative,低概率预测但实际上涨
9,2025-09-10 00:00:00+00:00,0700.HK,腾讯控股,0.23122075914358375,0.007017543859649145,False Negative,低概率预测但实际上涨
9,2025-09-12 00:00:00+00:00,0700.HK,腾讯控股,0.22437268697358803,0.024561403508771784,False Negative,低概率预测但实际上涨
9,2025-09-19 00:00:00+00:00,0728.HK,中国电信,0.2969278806404288,0.004142931123770177,False Negative,低概率预测但实际上涨
10,2025-10-10 00:00:00+00:00,0388.HK,香港交易所,0.8069045792490812,-0.03552923760177651,False Positive,高概率预测但实际下跌
10,2025-10-14 00:00:00+00:00,0388.HK,香港交易所,0.7752404733170526,-0.028169014084507005,False Positive,高概率预测但实际下跌
10,2025-10-17 00:00:00+00:00,0388.HK,香港交易所,0.7360462113951726,-0.01935483870967747,False Positive,高概率预测但实际下跌
10,2025-10-31 00:00:00+00:00,0388.HK,香港交易所,0.7113050396184567,-0.03379416282642089,False Positive,高概率预测但实际下跌
10,2025-10-28 00:00:00+00:00,0728.HK,中国电信,0.7199722168338817,-0.0054835493519441725,False Positive,高概率预测但实际下跌
10,2025-10-06 00:00:00+00:00,0939.HK,建设银行,0.7173017838397457,-0.008279124778237779,False Positive,高概率预测但实际下跌
10,2025-10-08 00:00:00+00:00,1138.HK,中远海能,0.8011789674205799,-0.007797270955165692,False Positive,高概率预测但实际下跌
10,2025-10-30 00:00:00+00:00,1138.HK,中远海能,0.8010493067611791,-0.01794453507340954,False Positive,高概率预测但实际下跌
10,2025-10-06 00:00:00+00:00,1288.HK,农业银行,0.7511565316043196,-0.010183299389001976,False Positive,高概率预测但实际下跌
10,2025-10-16 00:00:00+00:00,1288.HK,农业银行,0.8223795531904758,-0.020676691729323404,False Positive,高概率预测但实际下跌
10,2025-10-13 00:00:00+00:00,0005.HK,汇丰银行,0.26116382442359043,0.002194586686174116,False Negative,低概率预测但实际上涨
10,2025-10-14 00:00:00+00:00,0005.HK,汇丰银行,0.284936466352151,0.0021897810218978186,False Negative,低概率预测但实际上涨
10,2025-10-24 00:00:00+00:00,0005.HK,汇丰银行,0.28079130335210956,0.009433962264151052,False Negative,低概率预测但实际上涨
10,2025-10-02 00:00:00+00:00,0012.HK,恒基地产,0.13575927396018028,2.4420821114369504,False Negative,低概率预测但实际上涨
10,2025-10-20 00:00:00+00:00,0012.HK,恒基地产,0.25056119619097517,0.020485175202156425,False Negative,低概率预测但实际上涨
10,2025-10-02 00:00:00+00:00,0016.HK,新鸿基地产,0.2211167477952558,3.7771307570142927,False Negative,低概率预测但实际上涨
10,2025-10-15 00:00:00+00:00,0016.HK,新鸿基地产,0.20580206874202014,0.018571428571428683,False Negative,低概率预测但实际上涨
10,2025-10-24 00:00:00+00:00,0016.HK,新鸿基地产,0.08046865568245581,0.007586533902323334,False Negative,低概率预测但实际上涨
10,2025-10-27 00:00:00+00:00,0016.HK,新鸿基地产,0.1691360403461545,0.021647058823529353,False Negative,低概率预测但实际上涨
10,2025-10-09 00:00:00+00:00,0700.HK,腾讯控股,0.2482129837321638,0.026615969581749166,False Negative,低概率预测但实际上涨
11,2025-11-03 00:00:00+00:00,0005.HK,汇丰银行,0.7284089288235315,-0.7469350411710887,False Positive,高概率预测但实际下跌
11,2025-11-18 00:00:00+00:00,0005.HK,汇丰银行,0.7702126552694126,-0.028013029315960947,False Positive,高概率预测但实际下跌
11,2025-11-27 00:00:00+00:00,0005.HK,汇丰银行,0.8083049641025442,-0.0046854082998661895,False Positive,高概率预测但实际下跌
11,2025-11-28 00:00:00+00:00,0005.HK,汇丰银行,0.8104477743784699,-0.01344989912575656,False Positive,高概率预测但实际下跌
11,2025-11-13 00:00:00+00:00,0012.HK,恒基地产,0.7255945289381577,-0.010597302504816941,False Positive,高概率预测但实际下跌
11,2025-11-14 00:00:00+00:00,0012.HK,恒基地产,0.8048990543084802,-0.0029211295034079487,False Positive,高概率预测但实际下跌
11,2025-11-04 00:00:00+00:00,0016.HK,新鸿基地产,0.7841183907503365,-0.007462686567164201,False Positive,高概率预测但实际下跌
11,2025-11-13 00:00:00+00:00,0016.HK,新鸿基地产,0.8182152926485246,-0.0018289894833103393,False Positive,高概率预测但实际下跌
11,2025-11-17 00:00:00+00:00,0016.HK,新鸿基地产,0.7184658533754746,-0.00705550329256821,False Positive,高概率预测但实际下跌
11,2025-11-18 00:00:00+00:00,0016.HK,新鸿基地产,0.7526728243584827,-0.01279014684983415,False Positive,高概率预测但实际下跌
11,2025-11-03 00:00:00+00:00,0012.HK,恒基地产,0.09166150402603204,2.290729379686435,False Negative,低概率预测但实际上涨
11,2025-11-04 00:00:00+00:00,0012.HK,恒基地产,0.1547414415124451,0.017607457276022753,False Negative,低概率预测但实际上涨
11,2025-11-06 00:00:00+00:00,0012.HK,恒基地产,0.23214380870178716,0.007227671657201951,False Negative,低概率预测但实际上涨
11,2025-11-10 00:00:00+00:00,0016.HK,新鸿基地产,0.2852157901625911,0.017265515632291173,False Negative,低概率预测但实际上涨
11,2025-11-19 00:00:00+00:00,0700.HK,腾讯控股,0.2817477587490897,0.003478260869565153,False Negative,低概率预测但实际上涨
11,2025-11-12 00:00:00+00:00,1088.HK,中国神华,0.2931020514353333,0.03576248313090424,False Negative,低概率预测但实际上涨
11,2025-11-20 00:00:00+00:00,1088.HK,中国神华,0.11050446102682115,0.0252387448840381,False Negative,低概率预测但实际上涨
11,2025-11-25 00:00:00+00:00,1088.HK,中国神华,0.16774311804834463,0.007884362680683266,False Negative,低概率预测但实际上涨
11,2025-11-07 00:00:00+00:00,1109.HK,华润置地,0.28462100228754317,0.01413760603204528,False Negative,低概率预测但实际上涨
11,2025-11-27 00:00:00+00:00,1138.HK,中远海能,0.23783549951563132,0.01379310344827589,False Negative,低概率预测但实际上涨
12,2025-12-03 00:00:00+00:00,0016.HK,新鸿基地产,0.9687718424149537,-0.005816771691711131,False Positive,高概率预测但实际下跌
12,2025-12-04 00:00:00+00:00,0016.HK,新鸿基地产,0.7404903924457287,-0.014627011214041974,False Positive,高概率预测但实际下跌
12,2025-12-02 00:00:00+00:00,0883.HK,中国海洋石油,0.8330735097289201,-0.6173708920187793,False Positive,高概率预测但实际下跌
12,2025-12-04 00:00:00+00:00,0883.HK,中国海洋石油,0.8786272496067282,-0.03921568627450989,False Positive,高概率预测但实际下跌
12,2025-12-22 00:00:00+00:00,0939.HK,建设银行,0.7682766166267069,-0.0017846519928612636,False Positive,高概率预测但实际下跌
12,2025-12-23 00:00:00+00:00,0939.HK,建设银行,0.885048895766129,-0.0023837902264600697,False Positive,高概率预测但实际下跌
12,2025-12-24 00:00:00+00:00,0939.HK,建设银行,0.8868938582975759,-0.010155316606929587,False Positive,高概率预测但实际下跌
12,2025-12-29 00:00:00+00:00,0939.HK,建设银行,0.8446448132885171,-0.0006035003017501595,False Positive,高概率预测但实际下跌
12,2025-12-30 00:00:00+00:00,0939.HK,建设银行,0.9004537386695369,-0.012077294685990392,False Positive,高概率预测但实际下跌
12,2025-12-03 00:00:00+00:00,0941.HK,中国移动,0.8664706650152448,-0.011519078473722022,False Positive,高概率预测但实际下跌
12,2025-12-05 00:00:00+00:00,0005.HK,汇丰银行,0.20164675547607708,0.006172839506172867,False Negative,低概率预测但实际上涨
12,2025-12-10 00:00:00+00:00,0005.HK,汇丰银行,0.19591802770473757,0.002777777777777768,False Negative,低概率预测但实际上涨
12,2025-12-12 00:00:00+00:00,0005.HK,汇丰银行,0.17622760503480403,0.017433751743375137,False Negative,低概率预测但实际上涨
12,2025-12-17 00:00:00+00:00,0005.HK,汇丰银行,0.12689661260476165,0.0034411562284928365,False Negative,低概率预测但实际上涨
12,2025-12-19 00:00:00+00:00,0005.HK,汇丰银行,0.1135698656491515,0.016483516483516425,False Negative,低概率预测但实际上涨
12,2025-12-11 00:00:00+00:00,0012.HK,恒基地产,0.2958399062927408,0.007318348144275788,False Negative,低概率预测但实际上涨
12,2025-12-08 00:00:00+00:00,0016.HK,新鸿基地产,0.22723027198972132,0.002460629921259949,False Negative,低概率预测但实际上涨
12,2025-12-11 00:00:00+00:00,0016.HK,新鸿基地产,0.11985221180355263,0.003988035892322994,False Negative,低概率预测但实际上涨
12,2025-12-16 00:00:00+00:00,0016.HK,新鸿基地产,0.20608879023388466,0.004977600796416182,False Negative,低概率预测但实际上涨
12,2025-12-05 00:00:00+00:00,0388.HK,香港交易所,0.2507157607168612,0.0016366612111293755,False Negative,低概率预测但实际上涨
