Leaf_Feature,Coefficient
gbdt_leaf_29_14,0.7092968741806573
gbdt_leaf_31_34,0.7054376612391741
gbdt_leaf_20_35,-0.6964193982755158
gbdt_leaf_26_56,-0.661464797880743
gbdt_leaf_14_30,-0.640126863400859
gbdt_leaf_14_61,0.6339942898383012
gbdt_leaf_26_17,-0.6339524505407643
gbdt_leaf_29_33,-0.6097750064638989
gbdt_leaf_23_34,-0.5939954886759413
gbdt_leaf_15_43,0.5895420906783871
gbdt_leaf_3_36,-0.587785105605613
gbdt_leaf_4_52,-0.5852953030350493
gbdt_leaf_26_11,-0.577522100954892
gbdt_leaf_27_34,0.5731992685995837
gbdt_leaf_31_3,-0.5675058044989227
gbdt_leaf_27_42,-0.5610870580522087
gbdt_leaf_29_42,0.560847242425114
gbdt_leaf_29_4,-0.559530047403171
gbdt_leaf_20_49,-0.5553090114002868
gbdt_leaf_24_54,0.5515149169124254
gbdt_leaf_20_63,-0.5511991302438075
gbdt_leaf_17_29,-0.5494812129103349
gbdt_leaf_29_12,0.5466911698520631
gbdt_leaf_3_53,0.5425277717182525
gbdt_leaf_14_34,0.5421315294283541
gbdt_leaf_27_43,-0.5415520832385916
gbdt_leaf_11_30,-0.5387075032031893
gbdt_leaf_31_27,0.5379798834623706
gbdt_leaf_14_14,-0.5371584407364535
gbdt_leaf_27_11,0.5349680470538165
gbdt_leaf_24_33,-0.5332520638785654
gbdt_leaf_16_30,-0.5310590093798168
gbdt_leaf_20_51,-0.5277435694366995
gbdt_leaf_31_13,0.5259390730137897
gbdt_leaf_29_55,0.5224616995552188
gbdt_leaf_28_62,-0.5215507999121483
gbdt_leaf_4_18,0.5157374801055576
gbdt_leaf_23_57,-0.5145868585511952
gbdt_leaf_26_25,0.512671591065128
gbdt_leaf_16_10,0.5124281688834428
gbdt_leaf_30_10,0.507970851850392
gbdt_leaf_22_37,-0.5070169442410745
gbdt_leaf_3_37,0.5005688517523654
gbdt_leaf_26_60,0.5003364153231964
gbdt_leaf_28_19,-0.5002255098416151
gbdt_leaf_29_56,-0.4982574960982583
gbdt_leaf_30_47,0.4975702759935494
gbdt_leaf_21_30,-0.49533960693223034
gbdt_leaf_27_45,0.4950670089491323
gbdt_leaf_22_15,0.4946134171728645
gbdt_leaf_31_58,0.49081918780434364
gbdt_leaf_14_24,0.49042046312982707
gbdt_leaf_17_46,-0.48989033165804946
gbdt_leaf_21_62,0.4829630420928348
gbdt_leaf_29_38,-0.4804254856563869
gbdt_leaf_12_50,-0.47658384371519724
gbdt_leaf_9_30,-0.47538774010338963
gbdt_leaf_11_39,-0.47450246710095645
gbdt_leaf_22_58,0.4742625963468522
gbdt_leaf_8_51,-0.47371830309905855
gbdt_leaf_5_53,-0.4701441035375019
gbdt_leaf_22_38,0.46874177993957145
gbdt_leaf_5_59,0.46642942705277957
gbdt_leaf_30_30,0.4643194736048437
gbdt_leaf_22_45,0.4608237887066094
gbdt_leaf_1_52,0.45990798135968575
gbdt_leaf_31_15,-0.4591573238045664
gbdt_leaf_16_42,-0.4562153046763601
gbdt_leaf_16_24,-0.45450766872727927
gbdt_leaf_22_56,-0.4536585029615568
gbdt_leaf_24_45,-0.45337388505842696
gbdt_leaf_11_62,-0.4521467747078947
gbdt_leaf_30_6,0.45150715550633297
gbdt_leaf_31_49,-0.4511164416961418
gbdt_leaf_21_38,0.44986723230297615
gbdt_leaf_15_58,-0.4483408643143204
gbdt_leaf_30_37,-0.44794379579717203
gbdt_leaf_31_36,-0.44761992638795717
gbdt_leaf_27_23,-0.4473930311629824
gbdt_leaf_11_43,0.4472409728707164
gbdt_leaf_20_32,0.4465379501693348
gbdt_leaf_6_26,-0.4460393783891727
gbdt_leaf_22_8,0.4457326992583418
gbdt_leaf_26_49,-0.444852437424428
gbdt_leaf_3_56,-0.441587496051611
gbdt_leaf_19_59,-0.4410584192663572
gbdt_leaf_20_11,-0.44050726037259075
gbdt_leaf_5_60,-0.438673667789948
gbdt_leaf_29_8,-0.43722211523309557
gbdt_leaf_29_27,-0.4362952051777484
gbdt_leaf_15_60,0.433913399732194
gbdt_leaf_1_43,0.433278823407879
gbdt_leaf_8_40,-0.433249100136872
gbdt_leaf_20_47,0.4320923698689071
gbdt_leaf_19_42,0.4320293961093396
gbdt_leaf_3_21,0.4317113715798815
gbdt_leaf_1_18,0.43100388637156944
gbdt_leaf_15_42,-0.4307103649550669
gbdt_leaf_16_46,-0.42881296576808453
gbdt_leaf_24_57,0.42822022991892733
gbdt_leaf_12_0,-0.4281498838723823
gbdt_leaf_20_27,-0.4275712230722166
gbdt_leaf_11_36,0.42578234983253277
gbdt_leaf_30_51,-0.4253814326734962
gbdt_leaf_27_14,0.42331536403185
gbdt_leaf_20_2,-0.4227763388842297
gbdt_leaf_28_40,0.4217573718599754
gbdt_leaf_30_50,0.42128777621136054
gbdt_leaf_26_8,0.41941174589612557
gbdt_leaf_27_52,-0.41829111527980095
gbdt_leaf_7_25,-0.41790479621933885
gbdt_leaf_29_53,-0.4174717729589042
gbdt_leaf_20_24,0.4170070632852884
gbdt_leaf_16_45,-0.41695800891384405
gbdt_leaf_31_32,-0.41691386293712224
gbdt_leaf_31_57,-0.41644488712505995
gbdt_leaf_11_45,-0.4127773879939263
gbdt_leaf_26_46,-0.41253091176122625
gbdt_leaf_3_17,-0.41192607171053847
gbdt_leaf_3_31,-0.4110976688850785
gbdt_leaf_8_59,-0.4110506298076463
gbdt_leaf_8_47,0.4106320299201775
gbdt_leaf_21_15,-0.4100973576099217
gbdt_leaf_25_11,0.4097083356788371
gbdt_leaf_6_14,0.40938116801621044
gbdt_leaf_27_4,-0.4071968560152146
gbdt_leaf_21_54,-0.4071864294064512
gbdt_leaf_16_5,0.40421335402595193
gbdt_leaf_21_47,-0.4041612863332458
gbdt_leaf_15_30,-0.40303974989262903
gbdt_leaf_25_46,0.4027819514038771
gbdt_leaf_21_6,0.40227795049564613
gbdt_leaf_14_10,0.3993967371900903
gbdt_leaf_29_58,-0.3988920392292129
gbdt_leaf_17_17,-0.39573260313285785
gbdt_leaf_29_15,-0.39560551715164705
gbdt_leaf_0_55,0.39465871041169254
gbdt_leaf_3_16,0.3938237641106177
gbdt_leaf_10_54,0.39348220570256387
gbdt_leaf_22_4,-0.39309379359494256
gbdt_leaf_29_37,-0.39224787178436143
gbdt_leaf_21_44,-0.3913155591901276
gbdt_leaf_23_54,-0.39033728607882506
gbdt_leaf_21_33,-0.3901479543562872
gbdt_leaf_23_10,0.38992563595987123
gbdt_leaf_27_47,0.38910516620122376
gbdt_leaf_26_18,0.3889850908265629
gbdt_leaf_20_43,0.3888506586657618
gbdt_leaf_10_27,0.387799301048838
gbdt_leaf_3_52,-0.386022711651764
gbdt_leaf_3_30,-0.38501105849660977
gbdt_leaf_21_52,0.38358222869908415
gbdt_leaf_11_14,-0.38324867579531247
gbdt_leaf_27_26,0.38234950435242443
gbdt_leaf_21_19,0.38234950435242443
gbdt_leaf_29_0,0.3822939223078195
gbdt_leaf_26_61,-0.3816667158850009
gbdt_leaf_28_11,0.38122105743263357
gbdt_leaf_17_31,0.3802081356018434
gbdt_leaf_31_61,-0.379040300613811
gbdt_leaf_28_2,-0.3790344771795208
gbdt_leaf_20_23,0.3786339407971739
gbdt_leaf_13_12,-0.3776444581320545
gbdt_leaf_21_22,0.37733608752686254
gbdt_leaf_12_13,0.3769834172523919
gbdt_leaf_19_4,-0.37685068879306
gbdt_leaf_16_32,0.37588471280732594
gbdt_leaf_25_49,-0.375320060327834
gbdt_leaf_0_23,-0.3743183667709582
gbdt_leaf_16_62,-0.3733861601630897
gbdt_leaf_30_55,-0.3728115829782196
gbdt_leaf_25_19,-0.37256827111168
gbdt_leaf_26_7,0.3723649541698356
gbdt_leaf_7_5,-0.37218632928609674
gbdt_leaf_24_58,-0.3717029659447432
gbdt_leaf_31_45,-0.3706429012802542
gbdt_leaf_20_30,-0.37049433527035563
gbdt_leaf_16_14,0.3702463907126249
gbdt_leaf_18_40,-0.3684549269842081
gbdt_leaf_30_34,-0.3672030686655643
gbdt_leaf_31_51,-0.36707438585364904
gbdt_leaf_0_29,0.36668063522793115
gbdt_leaf_8_35,-0.36491884988310397
gbdt_leaf_8_54,-0.36490587615697606
gbdt_leaf_28_58,-0.3647359131353736
gbdt_leaf_8_28,0.3643598182468559
gbdt_leaf_15_8,0.364279560192969
gbdt_leaf_22_59,-0.36341077005676103
gbdt_leaf_19_25,0.3626286053508101
gbdt_leaf_2_11,0.36142862882543947
gbdt_leaf_29_6,0.36089413982388946
gbdt_leaf_11_35,-0.3607467574962723
gbdt_leaf_6_29,-0.3595527207547117
gbdt_leaf_6_5,0.35884085729643295
gbdt_leaf_15_35,0.35841251662780665
gbdt_leaf_19_3,-0.3583571160997359
gbdt_leaf_26_4,-0.357891729960751
gbdt_leaf_19_44,-0.3566718589933967
gbdt_leaf_26_24,0.35610427842742337
gbdt_leaf_8_62,-0.3558861588356816
gbdt_leaf_23_33,0.35562628906494287
gbdt_leaf_20_38,0.3555620738328019
gbdt_leaf_23_13,0.35436714624822135
gbdt_leaf_19_33,0.3542451016680149
gbdt_leaf_5_52,0.35327444995986906
gbdt_leaf_23_50,-0.35312786218716524
gbdt_leaf_27_1,-0.35295770708585533
gbdt_leaf_30_38,-0.35273687615502197
gbdt_leaf_21_14,0.35258319668408217
gbdt_leaf_5_22,-0.35252882482282205
gbdt_leaf_30_61,-0.3520679062578632
gbdt_leaf_25_10,-0.3514678903828442
gbdt_leaf_19_36,0.35116674404902254
gbdt_leaf_28_8,-0.35107065666825155
gbdt_leaf_25_50,0.3504423457958697
gbdt_leaf_9_32,0.34874818483132014
gbdt_leaf_2_26,-0.34806413428695737
gbdt_leaf_16_58,-0.3474882691743827
gbdt_leaf_26_16,0.3471174620132604
gbdt_leaf_18_35,0.3459917464120838
gbdt_leaf_25_7,0.34519268574509293
gbdt_leaf_11_12,0.3448509853446774
gbdt_leaf_6_7,0.344562563834127
gbdt_leaf_0_17,0.3443673978045184
gbdt_leaf_26_40,0.3442964144205468
gbdt_leaf_24_24,-0.3431705943421865
gbdt_leaf_19_8,0.3427789082796783
gbdt_leaf_10_41,-0.3423830724908865
gbdt_leaf_13_63,0.3419353156241404
gbdt_leaf_10_31,-0.3419253343738887
gbdt_leaf_15_20,0.3418578381257079
gbdt_leaf_31_50,0.34074316584330994
gbdt_leaf_14_33,-0.3404560904688639
gbdt_leaf_29_47,-0.34017822364592254
gbdt_leaf_13_45,0.33968303578958375
gbdt_leaf_23_45,0.33900263020189125
gbdt_leaf_13_7,0.3389477773288527
gbdt_leaf_21_24,0.33887383303903956
gbdt_leaf_28_29,0.3385823540214242
gbdt_leaf_23_53,0.3379610548791384
gbdt_leaf_23_35,0.3376633308465176
gbdt_leaf_29_48,0.3375448321091097
gbdt_leaf_31_0,0.33701479656477784
gbdt_leaf_10_40,0.3368430409725936
gbdt_leaf_8_53,0.3363498803508953
gbdt_leaf_21_12,0.3355137773653474
gbdt_leaf_20_14,0.3343822231516293
gbdt_leaf_15_40,-0.3342118836644978
gbdt_leaf_8_14,-0.33358654541781285
gbdt_leaf_22_18,-0.333451117207793
gbdt_leaf_26_48,0.33280342822556225
gbdt_leaf_21_59,-0.33279682412176265
gbdt_leaf_15_48,-0.3325555686136174
gbdt_leaf_31_1,0.33178268661190063
gbdt_leaf_15_41,-0.33158987342134955
gbdt_leaf_17_12,0.33155490351017447
gbdt_leaf_28_14,0.33082455565205565
gbdt_leaf_17_21,0.3304010359976741
gbdt_leaf_12_49,0.33032403427419704
gbdt_leaf_3_46,-0.33022308882455653
gbdt_leaf_26_59,-0.32937972919618125
gbdt_leaf_11_42,-0.3291153793586356
gbdt_leaf_3_63,-0.3291028041491996
gbdt_leaf_24_34,0.32858132491430336
gbdt_leaf_14_13,-0.3282687601186387
gbdt_leaf_22_39,-0.32732263138168666
gbdt_leaf_20_33,0.32680757905220587
gbdt_leaf_4_62,-0.32645511976747343
gbdt_leaf_11_44,-0.32589023190523053
gbdt_leaf_6_41,0.3249386732267323
gbdt_leaf_30_53,-0.3231342656847022
gbdt_leaf_7_38,-0.3227505157462094
gbdt_leaf_18_6,-0.32256568196580215
gbdt_leaf_15_34,-0.3224035925781709
gbdt_leaf_26_35,-0.3221660920603625
gbdt_leaf_15_32,-0.32165372157446714
gbdt_leaf_20_59,0.32126867841142476
gbdt_leaf_21_28,0.32024272876391485
gbdt_leaf_27_31,0.32024272876391485
gbdt_leaf_0_44,-0.3201431872898678
gbdt_leaf_1_60,-0.31963839118442416
gbdt_leaf_12_37,0.3194423308060805
gbdt_leaf_8_38,0.31929909074907387
gbdt_leaf_4_24,-0.31899963592822345
gbdt_leaf_23_32,0.3187926760261392
gbdt_leaf_27_17,0.31837631120287574
gbdt_leaf_6_42,-0.3182953731986203
gbdt_leaf_26_42,-0.3176338133937446
gbdt_leaf_8_63,0.3173042020018346
gbdt_leaf_14_36,-0.31714403310256206
gbdt_leaf_17_47,0.31681297359138344
gbdt_leaf_24_38,0.31546960420481046
gbdt_leaf_0_12,0.3149507825372016
gbdt_leaf_10_18,0.3137084201113177
gbdt_leaf_17_51,0.31332136382954107
gbdt_leaf_28_54,-0.3132577333862018
gbdt_leaf_9_24,-0.31271350468293857
gbdt_leaf_3_25,-0.3115845501074812
gbdt_leaf_3_20,-0.31094734296773546
gbdt_leaf_6_3,0.3098926307961079
gbdt_leaf_17_14,-0.3098160667659962
gbdt_leaf_7_32,-0.3097254064995274
gbdt_leaf_28_59,0.3078882098656849
gbdt_leaf_0_58,-0.30774011384932654
gbdt_leaf_18_26,0.3072549472537773
gbdt_leaf_6_52,0.3071842924266998
gbdt_leaf_18_58,0.3068336326307464
gbdt_leaf_25_18,0.3068091514519795
gbdt_leaf_20_45,-0.30649096568997847
gbdt_leaf_23_37,-0.3063060960529034
gbdt_leaf_30_42,0.305996541723448
gbdt_leaf_29_13,0.30590269718646124
gbdt_leaf_21_5,0.30550372967658396
gbdt_leaf_11_31,0.3052404136139494
gbdt_leaf_26_6,-0.3048801034801091
gbdt_leaf_18_42,-0.3047765686307591
gbdt_leaf_14_43,-0.3043522381495867
gbdt_leaf_25_25,-0.3040200748552085
gbdt_leaf_24_14,0.3038912476003562
gbdt_leaf_27_38,-0.30386628951058126
gbdt_leaf_16_18,0.3038495505930478
gbdt_leaf_28_18,0.302538715599165
gbdt_leaf_10_32,0.3024025943246532
gbdt_leaf_4_57,0.30229606268435927
gbdt_leaf_30_59,-0.30211128225146405
gbdt_leaf_27_55,-0.30184002051900916
gbdt_leaf_26_29,0.30182130878554114
gbdt_leaf_25_60,-0.3011771088856459
gbdt_leaf_28_26,-0.3010818500928469
gbdt_leaf_28_46,-0.3003111203281469
gbdt_leaf_25_32,0.3001866478934509
gbdt_leaf_0_33,0.30008524835323697
gbdt_leaf_4_49,-0.29967625498022515
gbdt_leaf_17_60,-0.2996576488269583
gbdt_leaf_21_46,-0.2994609353696305
gbdt_leaf_8_27,-0.2992076319054201
gbdt_leaf_5_46,-0.29895126771375113
gbdt_leaf_10_49,0.29891865049318167
gbdt_leaf_3_9,-0.29846249025477634
gbdt_leaf_20_20,0.2981640701306585
gbdt_leaf_11_47,0.2978976922059787
gbdt_leaf_25_40,-0.29665591779657313
gbdt_leaf_25_39,0.2964112234192651
gbdt_leaf_27_15,0.29587590290789956
gbdt_leaf_18_57,-0.2958046627283412
gbdt_leaf_14_53,0.2957168651328637
gbdt_leaf_28_25,0.2955627558653384
gbdt_leaf_18_15,0.2955230432805128
gbdt_leaf_24_48,-0.2948816096085811
gbdt_leaf_5_43,0.29438854255803626
gbdt_leaf_24_32,0.2937703271500828
gbdt_leaf_22_13,-0.293616217521828
gbdt_leaf_25_58,-0.2935686411549138
gbdt_leaf_11_55,0.2934803143111365
gbdt_leaf_12_24,0.2933848901771207
gbdt_leaf_10_45,-0.2931190940799319
gbdt_leaf_24_12,0.2930451120305761
gbdt_leaf_18_32,0.2921066968108182
gbdt_leaf_7_48,0.2912879327525748
gbdt_leaf_14_57,0.2909176761353048
gbdt_leaf_22_9,0.29067131995746603
gbdt_leaf_13_46,-0.2901229832550512
gbdt_leaf_30_45,-0.28909647679082984
gbdt_leaf_14_58,-0.2887749162810732
gbdt_leaf_6_57,-0.28872871543111767
gbdt_leaf_12_11,-0.2885946118439127
gbdt_leaf_4_5,0.2885879917837918
gbdt_leaf_21_20,0.2882089828699756
gbdt_leaf_6_22,-0.2881800796855829
gbdt_leaf_10_57,-0.28802852969443266
gbdt_leaf_6_35,-0.28762636437419864
gbdt_leaf_20_50,0.2875264986483317
gbdt_leaf_18_27,-0.2874412316245321
gbdt_leaf_2_43,0.2874195857251365
gbdt_leaf_24_35,-0.28728105573530327
gbdt_leaf_15_13,0.28725066760971213
gbdt_leaf_28_33,0.28705555309938047
gbdt_leaf_17_19,0.2864030400812625
gbdt_leaf_29_60,0.2863866863750857
gbdt_leaf_21_27,-0.2860946760337333
gbdt_leaf_11_38,-0.285965782858146
gbdt_leaf_6_39,0.2858801953501634
gbdt_leaf_25_4,-0.285661200492032
gbdt_leaf_28_48,-0.2856221625107093
gbdt_leaf_28_20,0.28533140710519056
gbdt_leaf_25_52,-0.2848738421689485
gbdt_leaf_19_10,-0.28486731455602815
gbdt_leaf_16_12,0.2848517197108906
gbdt_leaf_15_23,0.2846663181483887
gbdt_leaf_20_5,0.28427218125794274
gbdt_leaf_13_42,-0.2840484013519955
gbdt_leaf_28_12,0.2838201683855963
gbdt_leaf_29_24,-0.283784919052338
gbdt_leaf_22_14,0.283741306935361
gbdt_leaf_6_40,0.28311441780483815
gbdt_leaf_20_9,-0.28261751855878586
gbdt_leaf_24_52,-0.28257213640049006
gbdt_leaf_5_50,-0.28213036971135
gbdt_leaf_9_42,-0.2820162502594899
gbdt_leaf_15_56,-0.28177669245193093
gbdt_leaf_16_21,-0.2815435827894445
gbdt_leaf_17_37,0.28122766253054565
gbdt_leaf_22_62,0.28098974323316867
gbdt_leaf_2_46,-0.28018090426491066
gbdt_leaf_11_34,-0.28016673728748304
gbdt_leaf_13_59,-0.27995853493567624
gbdt_leaf_15_22,0.2798672451181594
gbdt_leaf_20_21,0.2794806537880156
gbdt_leaf_31_41,0.27932006356107036
gbdt_leaf_6_11,-0.27928520542580887
gbdt_leaf_12_28,-0.27919683745613355
gbdt_leaf_22_36,-0.2791080844249608
gbdt_leaf_1_31,-0.27800319517827277
gbdt_leaf_23_12,-0.27734833166800227
gbdt_leaf_16_38,-0.27695787860298476
gbdt_leaf_28_61,-0.27561325482051724
gbdt_leaf_27_20,-0.2753403336333432
gbdt_leaf_30_63,0.27515735078151815
gbdt_leaf_26_23,-0.2750426979489702
gbdt_leaf_14_22,-0.2750426979489702
gbdt_leaf_29_32,0.27479803029795985
gbdt_leaf_22_46,-0.2747178810911329
gbdt_leaf_17_16,0.2746922274829138
gbdt_leaf_21_51,0.27463646765941346
gbdt_leaf_19_54,-0.2718581727340076
gbdt_leaf_29_54,-0.27119980743370103
gbdt_leaf_29_2,0.2711465428262488
gbdt_leaf_0_0,0.2709277089271985
gbdt_leaf_0_62,-0.27069485642840924
gbdt_leaf_20_4,0.27065545205575425
gbdt_leaf_17_41,-0.2703214142253849
gbdt_leaf_4_33,0.2700611325279776
gbdt_leaf_10_16,-0.2700601958183671
gbdt_leaf_30_35,0.2699993166475277
gbdt_leaf_30_9,-0.2696637870612842
gbdt_leaf_14_29,0.2695200245711393
gbdt_leaf_22_2,-0.26881853064512023
gbdt_leaf_9_20,0.2686274525011472
gbdt_leaf_22_21,0.2678744001254949
gbdt_leaf_23_46,-0.2678031810778521
gbdt_leaf_14_52,-0.2676766471587167
gbdt_leaf_19_28,0.2674982021334785
gbdt_leaf_11_60,-0.26682297905785174
gbdt_leaf_16_52,-0.2667025047085156
gbdt_leaf_3_7,0.2665363778428322
gbdt_leaf_25_24,0.26647255143489196
gbdt_leaf_14_31,-0.2662892004591778
gbdt_leaf_23_58,-0.26625076926545427
gbdt_leaf_24_60,0.26614700539239655
gbdt_leaf_12_45,-0.26567402225744524
gbdt_leaf_11_58,0.2652766064376514
gbdt_leaf_28_27,-0.26484378583358786
gbdt_leaf_31_52,0.2643064313055177
gbdt_leaf_13_51,0.2640143312157378
gbdt_leaf_6_0,0.2638418744984093
gbdt_leaf_21_37,-0.2636670389623461
gbdt_leaf_21_17,-0.2636547771879801
gbdt_leaf_28_22,0.26360223328902815
gbdt_leaf_8_43,0.2635330948268499
gbdt_leaf_21_55,0.26336006755363145
gbdt_leaf_22_54,0.2629860722378062
gbdt_leaf_12_63,-0.26291081035958586
gbdt_leaf_20_44,-0.2624333923392631
gbdt_leaf_1_54,-0.26217753527971827
gbdt_leaf_2_22,-0.2621301442909183
gbdt_leaf_15_21,-0.26184951341795504
gbdt_leaf_18_10,0.2618350582315111
gbdt_leaf_4_15,0.26177190667533584
gbdt_leaf_31_39,-0.26169754105458215
gbdt_leaf_6_58,0.2616963303904664
gbdt_leaf_21_11,-0.26159898165274786
gbdt_leaf_0_61,-0.2611147271162635
gbdt_leaf_20_55,-0.2610539628592141
gbdt_leaf_15_52,-0.260617312529448
gbdt_leaf_26_21,0.2602601623320843
gbdt_leaf_1_22,-0.2599229881868807
gbdt_leaf_16_35,0.25985646108525307
gbdt_leaf_12_17,0.25982963295978756
gbdt_leaf_16_29,0.2596647065093991
gbdt_leaf_27_58,0.2593803416139196
gbdt_leaf_4_34,0.2593731366454408
gbdt_leaf_15_6,0.25934450571530937
gbdt_leaf_20_41,-0.25908651894993406
gbdt_leaf_25_38,0.25865207798873496
gbdt_leaf_24_15,-0.25834427132167054
gbdt_leaf_25_17,-0.2582349782092338
gbdt_leaf_15_25,-0.25812675432283727
gbdt_leaf_13_50,-0.25775135788508763
gbdt_leaf_18_62,0.25774396568876234
gbdt_leaf_13_24,0.2572836808150647
gbdt_leaf_10_48,-0.25700124308974176
gbdt_leaf_23_55,0.2569973171335725
gbdt_leaf_25_14,-0.25658754586714505
gbdt_leaf_0_40,0.2562802872947476
gbdt_leaf_19_43,-0.25610118515605623
gbdt_leaf_12_14,-0.2559439754038308
gbdt_leaf_0_47,-0.25579041080656545
gbdt_leaf_10_11,-0.2557883768181086
gbdt_leaf_8_45,0.25551981653290745
gbdt_leaf_23_22,0.25526324739954437
gbdt_leaf_25_22,0.25524964369728903
gbdt_leaf_3_33,0.25519050629254325
gbdt_leaf_19_50,-0.25479623025149356
gbdt_leaf_13_29,-0.25475118621988824
gbdt_leaf_9_60,0.25447852262166754
gbdt_leaf_21_63,0.25405059863705337
gbdt_leaf_28_30,0.2538875189802579
gbdt_leaf_13_2,0.25379559074560576
gbdt_leaf_28_0,0.25371561465453446
gbdt_leaf_21_7,-0.25361466334061056
gbdt_leaf_3_6,0.25327844106650793
gbdt_leaf_9_47,-0.25265262685051876
gbdt_leaf_27_7,0.2525417357417041
gbdt_leaf_20_13,0.2524602379289434
gbdt_leaf_27_32,-0.25232090862562917
gbdt_leaf_6_43,0.2520049886010754
gbdt_leaf_23_25,0.251482663977081
gbdt_leaf_9_17,0.25105892110631334
gbdt_leaf_0_43,-0.2509698174380541
gbdt_leaf_18_60,-0.2506521453930113
gbdt_leaf_11_40,0.25031043029810895
gbdt_leaf_0_52,-0.24982101338219403
gbdt_leaf_22_25,0.24950065480801517
gbdt_leaf_10_26,-0.24919407590694614
gbdt_leaf_21_21,0.24913830170080525
gbdt_leaf_6_16,0.2490663985345166
gbdt_leaf_21_41,0.24888818038394167
gbdt_leaf_30_26,0.24883113080480493
gbdt_leaf_8_17,-0.24828201157637947
gbdt_leaf_18_22,-0.24766265144840513
gbdt_leaf_23_21,-0.24766265144840513
gbdt_leaf_30_44,-0.24751803213620005
gbdt_leaf_16_48,-0.24749894138379902
gbdt_leaf_1_62,0.24734419694067974
gbdt_leaf_9_21,-0.2470040643095811
gbdt_leaf_4_51,-0.2469477181702718
gbdt_leaf_18_48,-0.24690007189750587
gbdt_leaf_17_48,0.24609199737205092
gbdt_leaf_10_52,-0.24601971154299979
gbdt_leaf_10_22,0.24595987275676623
gbdt_leaf_28_55,-0.24575954241642073
gbdt_leaf_14_17,0.24575619166354182
gbdt_leaf_13_60,0.2456893856279433
gbdt_leaf_17_39,-0.24455148375450467
gbdt_leaf_7_58,0.2438869836463664
gbdt_leaf_16_27,0.24364974623863964
gbdt_leaf_8_60,-0.24352632090176146
gbdt_leaf_23_52,0.2431579570523497
gbdt_leaf_19_17,0.24256234427133622
gbdt_leaf_7_56,-0.2424177561819768
gbdt_leaf_18_8,0.24219721652438983
gbdt_leaf_1_57,0.24215847620883818
gbdt_leaf_6_13,0.24212335948644123
gbdt_leaf_12_52,0.24166494140435957
gbdt_leaf_9_19,0.2414014711744452
gbdt_leaf_30_13,0.24133151034470895
gbdt_leaf_8_30,0.24119574791205348
gbdt_leaf_29_40,0.240808805427131
gbdt_leaf_7_59,0.2406285460255216
gbdt_leaf_3_28,0.2404335544415583
gbdt_leaf_12_39,-0.24039692734674456
gbdt_leaf_18_20,0.24009039306234867
gbdt_leaf_12_61,-0.2398860283207912
gbdt_leaf_4_61,-0.23978663793777363
gbdt_leaf_5_55,-0.23926155391720338
gbdt_leaf_11_8,0.23917146287565413
gbdt_leaf_31_4,-0.23907940059798002
gbdt_leaf_16_56,-0.2390398021745675
gbdt_leaf_26_45,-0.2390002097304374
gbdt_leaf_21_50,-0.23875051129821673
gbdt_leaf_15_33,0.23856559086345744
gbdt_leaf_0_22,-0.23838576601800776
gbdt_leaf_4_21,0.2383452321550072
gbdt_leaf_21_9,0.23822538718040415
gbdt_leaf_5_38,-0.2377387015979185
gbdt_leaf_22_41,-0.23769939376915394
gbdt_leaf_15_10,-0.23763815578382655
gbdt_leaf_10_33,0.23740113435572258
gbdt_leaf_2_15,0.23673973047598507
gbdt_leaf_15_46,-0.23661645119501093
gbdt_leaf_29_41,-0.23650853759903037
gbdt_leaf_2_52,-0.23634697627844448
gbdt_leaf_11_52,-0.2362680677710658
gbdt_leaf_2_8,0.23605799518275253
gbdt_leaf_24_30,0.23591572327515456
gbdt_leaf_3_14,-0.23559143516155906
gbdt_leaf_19_37,0.23536786179604943
gbdt_leaf_31_25,-0.23521351814438982
gbdt_leaf_14_48,-0.23516855362731265
gbdt_leaf_27_22,-0.23508376513571924
gbdt_leaf_2_49,0.2350046051786368
gbdt_leaf_30_16,-0.23481871688155584
gbdt_leaf_10_51,-0.23469034386151622
gbdt_leaf_7_62,0.23455067762696366
gbdt_leaf_1_23,0.23448327532189367
gbdt_leaf_12_9,0.23445471876856644
gbdt_leaf_27_21,0.23443025982621826
gbdt_leaf_9_27,0.23423953050071744
gbdt_leaf_18_59,0.23423953050071744
gbdt_leaf_16_13,0.2340812550468986
gbdt_leaf_13_8,0.2340310445746207
gbdt_leaf_27_54,0.23376076704639642
gbdt_leaf_13_54,-0.23370947238889594
gbdt_leaf_24_17,0.2334821420099737
gbdt_leaf_24_43,0.23329572223347575
gbdt_leaf_21_42,0.2330838233902237
gbdt_leaf_27_8,-0.23305983196175373
gbdt_leaf_13_37,0.23301980034229236
gbdt_leaf_19_51,-0.2329064300255585
gbdt_leaf_22_34,0.23275429119554544
gbdt_leaf_14_47,0.23274477226721205
gbdt_leaf_16_61,0.23274477226721205
gbdt_leaf_27_59,-0.23263512383914495
gbdt_leaf_3_59,-0.23262570819713313
gbdt_leaf_29_62,0.2326241019268044
gbdt_leaf_18_25,0.23238033818277717
gbdt_leaf_14_7,0.23199715170966936
gbdt_leaf_17_63,-0.23177317529422853
gbdt_leaf_2_41,-0.2313105065446445
gbdt_leaf_15_5,0.23094840500353947
gbdt_leaf_2_16,0.23093155878770832
gbdt_leaf_11_46,0.2309074347150898
gbdt_leaf_30_4,0.23082953314078883
gbdt_leaf_2_42,-0.23052660665086835
gbdt_leaf_14_5,0.23052134744923813
gbdt_leaf_17_1,-0.23033047382372931
gbdt_leaf_0_27,0.23031906870340715
gbdt_leaf_5_35,0.23005859668652595
gbdt_leaf_17_2,-0.2297708439815178
gbdt_leaf_23_62,-0.2297549138424616
gbdt_leaf_14_42,0.22918211209489595
gbdt_leaf_14_60,0.22915574084593532
gbdt_leaf_3_26,-0.22901770229582638
gbdt_leaf_19_15,-0.22898459036206528
gbdt_leaf_15_38,0.22897215185899092
gbdt_leaf_12_31,0.2285762371116067
gbdt_leaf_11_16,0.2284690189517783
gbdt_leaf_23_48,-0.22802229988866612
gbdt_leaf_12_7,0.22743357392271646
gbdt_leaf_17_38,0.22728829599072892
gbdt_leaf_1_30,0.22720763155554438
gbdt_leaf_24_29,0.22713762622443073
gbdt_leaf_14_27,-0.22686786509009108
gbdt_leaf_5_25,0.2268398787786057
gbdt_leaf_9_46,0.2268398787786057
gbdt_leaf_10_60,-0.2267616120824767
gbdt_leaf_10_55,-0.22674323854401912
gbdt_leaf_30_56,0.22646996234993175
gbdt_leaf_12_53,-0.2264393850735742
gbdt_leaf_17_18,0.22630851153490722
gbdt_leaf_11_5,0.22630175115924195
gbdt_leaf_11_32,-0.22622969490334136
gbdt_leaf_9_63,-0.22585147484541648
gbdt_leaf_0_48,-0.22566297217081996
gbdt_leaf_9_53,-0.22526900619516824
gbdt_leaf_23_19,0.22522900012887861
gbdt_leaf_17_34,0.2252196854414361
gbdt_leaf_11_18,0.2250424577933273
gbdt_leaf_0_9,0.2250424577933273
gbdt_leaf_3_13,0.2250424577933273
gbdt_leaf_6_19,-0.22479113721057273
gbdt_leaf_16_19,0.22455986617340165
gbdt_leaf_28_9,0.22438781348120754
gbdt_leaf_27_50,-0.22376764759724385
gbdt_leaf_17_59,-0.2235107617186398
gbdt_leaf_17_4,0.22341708593695575
gbdt_leaf_22_30,-0.22303173024088202
gbdt_leaf_15_63,-0.22300118288904
gbdt_leaf_17_50,-0.22232392041162602
gbdt_leaf_8_49,0.22229678628501107
gbdt_leaf_24_6,-0.22214095778232595
gbdt_leaf_31_5,-0.2221406212855788
gbdt_leaf_31_40,-0.22197317900442834
gbdt_leaf_6_18,0.2218486739490171
gbdt_leaf_19_23,0.22183099951000979
gbdt_leaf_23_5,-0.22177179556517979
gbdt_leaf_9_62,0.22130619173403426
gbdt_leaf_29_50,0.22101695254186765
gbdt_leaf_30_41,0.22048267095717267
gbdt_leaf_19_9,-0.22010412962804723
gbdt_leaf_2_47,0.22000699805913898
gbdt_leaf_20_15,-0.2199841702522948
gbdt_leaf_21_40,0.21944717561925522
gbdt_leaf_2_36,-0.2193376877105501
gbdt_leaf_16_41,-0.21885330856592802
gbdt_leaf_14_12,-0.21866921728546718
gbdt_leaf_27_51,0.21861988079772116
gbdt_leaf_26_58,-0.21858813955148929
gbdt_leaf_10_39,-0.2185389930292101
gbdt_leaf_1_35,-0.2184627646369287
gbdt_leaf_12_4,-0.2180177559071651
gbdt_leaf_3_3,0.217844612179381
gbdt_leaf_6_21,-0.21782726711883454
gbdt_leaf_1_27,-0.21770029751802208
gbdt_leaf_14_6,-0.21751520067959537
gbdt_leaf_19_47,0.2172925002823379
gbdt_leaf_20_54,0.21689867989932138
gbdt_leaf_12_5,-0.2167775851645819
gbdt_leaf_2_27,-0.21576499299125984
gbdt_leaf_23_9,0.2154936015172149
gbdt_leaf_16_20,0.21543502212833046
gbdt_leaf_10_29,-0.2153804750345351
gbdt_leaf_21_8,-0.2151952835147162
gbdt_leaf_29_29,0.21490096643990558
gbdt_leaf_28_28,0.2144478502430694
gbdt_leaf_11_28,0.2144289482732609
gbdt_leaf_26_57,0.21437473145032013
gbdt_leaf_15_27,-0.21421016670574303
gbdt_leaf_0_19,0.2141279941989417
gbdt_leaf_7_46,-0.21408880842685274
gbdt_leaf_27_63,-0.2140509292156525
gbdt_leaf_10_10,-0.21403526128624167
gbdt_leaf_14_46,-0.21380896916302058
gbdt_leaf_8_36,0.21330347319230003
gbdt_leaf_23_3,0.2132494976881213
gbdt_leaf_1_29,-0.21319449692225367
gbdt_leaf_4_38,-0.2127569710885472
gbdt_leaf_13_39,0.21258739347911632
gbdt_leaf_22_60,0.21245200551082688
gbdt_leaf_28_4,0.21212392210131828
gbdt_leaf_24_19,-0.2119185101070768
gbdt_leaf_15_19,0.21161108673791276
gbdt_leaf_11_41,-0.21148092961072054
gbdt_leaf_29_10,0.21138237477405358
gbdt_leaf_25_61,0.21129925700408428
gbdt_leaf_14_51,-0.21127940143943882
gbdt_leaf_18_17,-0.21101174703755554
gbdt_leaf_22_40,0.21079054260397914
gbdt_leaf_6_20,-0.2102460958536566
gbdt_leaf_9_11,0.210187879184448
gbdt_leaf_25_54,0.20978252640565376
gbdt_leaf_24_61,-0.20948973601835363
gbdt_leaf_30_8,-0.20915992651758722
gbdt_leaf_24_28,0.20890869801606268
gbdt_leaf_27_44,0.20879369286860447
gbdt_leaf_29_25,0.20836275302923787
gbdt_leaf_8_39,-0.20783277332981195
gbdt_leaf_30_40,0.20779377071025593
gbdt_leaf_6_54,-0.2072205239633317
gbdt_leaf_15_0,0.20705083345814412
gbdt_leaf_10_56,0.2062576478147906
gbdt_leaf_15_54,-0.20527244895907792
gbdt_leaf_13_18,0.20524132355565444
gbdt_leaf_27_40,-0.20511360197635012
gbdt_leaf_7_36,0.20478559940541258
gbdt_leaf_5_26,0.20478559940541258
gbdt_leaf_14_15,-0.20444266430614733
gbdt_leaf_30_20,0.20388357610917485
gbdt_leaf_25_26,-0.20362430074814783
gbdt_leaf_9_61,-0.20359561579469707
gbdt_leaf_0_13,-0.20336623628564293
gbdt_leaf_20_6,-0.20327068010736563
gbdt_leaf_25_13,-0.20303752967463207
gbdt_leaf_26_39,-0.20294839929841854
gbdt_leaf_19_11,0.2026211618566796
gbdt_leaf_14_38,0.20251301502616087
gbdt_leaf_25_20,-0.2020607845658059
gbdt_leaf_17_25,-0.20178288624128007
gbdt_leaf_16_47,0.20153001871506013
gbdt_leaf_21_45,0.20132502756511708
gbdt_leaf_17_7,0.2010338428580387
gbdt_leaf_1_21,-0.20058325960862874
gbdt_leaf_30_25,-0.20026398408457668
gbdt_leaf_3_29,0.20020328974393567
gbdt_leaf_1_33,0.2001902878280371
gbdt_leaf_26_47,0.2000835004343065
gbdt_leaf_18_12,-0.19975636373624167
gbdt_leaf_5_11,-0.1995581348185356
gbdt_leaf_31_56,-0.1993806778070319
gbdt_leaf_17_57,0.199269980811741
gbdt_leaf_11_53,-0.19904182261217557
gbdt_leaf_12_60,0.1989775909894104
gbdt_leaf_9_54,-0.19859935666784248
gbdt_leaf_3_51,0.19842460100043413
gbdt_leaf_20_46,0.19840542387853086
gbdt_leaf_7_27,-0.19831858803077204
gbdt_leaf_19_55,-0.1981397610193763
gbdt_leaf_20_10,-0.1981220589165703
gbdt_leaf_15_57,0.19746768510257673
gbdt_leaf_9_15,-0.19667975653804717
gbdt_leaf_31_30,0.19644663351500496
gbdt_leaf_30_62,-0.19637062971994476
gbdt_leaf_21_39,-0.19600649909509538
gbdt_leaf_13_33,-0.19554659300574775
gbdt_leaf_0_46,-0.19519896340920595
gbdt_leaf_28_3,-0.19504742354969518
gbdt_leaf_18_30,0.1950442966346899
gbdt_leaf_31_46,0.1947927656949894
gbdt_leaf_8_4,0.19471440060280262
gbdt_leaf_17_28,0.19424396282785086
gbdt_leaf_14_8,-0.19417739839653247
gbdt_leaf_27_13,0.19401967097855197
gbdt_leaf_23_30,-0.19378986695219452
gbdt_leaf_23_49,-0.1937667467455117
gbdt_leaf_18_16,0.19358475373292994
gbdt_leaf_23_18,0.19358475373292994
gbdt_leaf_17_61,0.1934222843576145
gbdt_leaf_24_47,0.19314423698583447
gbdt_leaf_3_43,-0.19269831149829078
gbdt_leaf_19_22,-0.19268516563343738
gbdt_leaf_25_30,-0.19266890983405324
gbdt_leaf_22_61,-0.19259333954650598
gbdt_leaf_9_41,0.19258580251898313
gbdt_leaf_2_37,0.19253595608033805
gbdt_leaf_7_31,0.19253595608033805
gbdt_leaf_21_34,0.192379820243579
gbdt_leaf_23_7,-0.19225833596837355
gbdt_leaf_6_15,-0.19190250816782628
gbdt_leaf_26_52,-0.19165636256952243
gbdt_leaf_27_41,-0.19163782650279368
gbdt_leaf_9_7,0.19129940169833815
gbdt_leaf_0_60,0.19110767279307012
gbdt_leaf_24_36,0.19076019331028626
gbdt_leaf_18_50,0.1907092127540321
gbdt_leaf_25_37,-0.19047239436484556
gbdt_leaf_10_21,-0.1904394918003863
gbdt_leaf_31_47,-0.1901879480347184
gbdt_leaf_19_45,0.18992076813462946
gbdt_leaf_31_16,0.18981295274254728
gbdt_leaf_31_43,-0.18974603462824285
gbdt_leaf_18_54,0.1896672480087879
gbdt_leaf_13_3,-0.18943428235279028
gbdt_leaf_6_17,-0.18872099439006063
gbdt_leaf_27_18,-0.18867433305942677
gbdt_leaf_18_55,-0.1886087866004522
gbdt_leaf_21_29,-0.18852876261375032
gbdt_leaf_18_61,-0.18830776853740475
gbdt_leaf_26_63,-0.18824502313167144
gbdt_leaf_20_58,-0.18783470842803185
gbdt_leaf_21_3,0.1876068272920172
gbdt_leaf_18_31,-0.18721444799155787
gbdt_leaf_7_26,-0.1870899453975769
gbdt_leaf_30_21,0.18688043519327538
gbdt_leaf_23_31,0.1867001196303877
gbdt_leaf_17_10,-0.18669250344455723
gbdt_leaf_28_5,-0.18664731680069824
gbdt_leaf_2_58,-0.18654738677067037
gbdt_leaf_19_49,0.18634197493909518
gbdt_leaf_7_10,0.18629018118585353
gbdt_leaf_15_4,0.18620173214915717
gbdt_leaf_17_20,0.18617894126077036
gbdt_leaf_16_31,-0.18612057619566255
gbdt_leaf_24_53,-0.18592290821387022
gbdt_leaf_29_23,-0.18588481663753129
gbdt_leaf_5_32,-0.18584354975617207
gbdt_leaf_15_44,-0.18584316208282645
gbdt_leaf_25_42,0.18577757698610808
gbdt_leaf_9_59,-0.1857000143955103
gbdt_leaf_26_32,0.1856209499737613
gbdt_leaf_28_35,0.1856209499737613
gbdt_leaf_9_50,0.18548262863702894
gbdt_leaf_14_20,-0.18518068847499355
gbdt_leaf_4_46,-0.18516537445883524
gbdt_leaf_22_43,0.18503392350945347
gbdt_leaf_11_19,0.18498949710905022
gbdt_leaf_20_57,-0.18487248100822007
gbdt_leaf_29_36,-0.18482305099625226
gbdt_leaf_15_39,0.18479921425595044
gbdt_leaf_6_24,-0.18467861750738354
gbdt_leaf_1_34,0.1844808942350952
gbdt_leaf_25_34,0.18446195990336847
gbdt_leaf_9_51,-0.1844241672286929
gbdt_leaf_7_41,-0.18429482234321842
gbdt_leaf_27_35,-0.18427277480095222
gbdt_leaf_18_52,-0.18426321578585106
gbdt_leaf_29_35,0.18380551478271795
gbdt_leaf_11_61,0.18372114105021753
gbdt_leaf_19_61,-0.1834686938944202
gbdt_leaf_13_20,0.18330960444294303
gbdt_leaf_9_23,0.18302979196146138
gbdt_leaf_14_26,0.1828452607272323
gbdt_leaf_24_63,-0.18248596781662396
gbdt_leaf_18_13,0.18225635137823165
gbdt_leaf_22_28,0.18225034559788866
gbdt_leaf_17_35,-0.18223859812042054
gbdt_leaf_12_41,0.18214797341808167
gbdt_leaf_23_11,0.1820797281005341
gbdt_leaf_0_37,-0.18201957587534323
gbdt_leaf_21_16,-0.18179707273407983
gbdt_leaf_31_26,-0.1811827886849919
gbdt_leaf_30_22,0.18102652820295137
gbdt_leaf_22_42,-0.18084223812681444
gbdt_leaf_2_59,-0.18060260836072367
gbdt_leaf_11_57,-0.1805237317557772
gbdt_leaf_1_1,-0.1801800370935482
gbdt_leaf_14_45,-0.17962229052470632
gbdt_leaf_3_27,-0.17927359936900222
gbdt_leaf_5_57,-0.1792531586895322
gbdt_leaf_25_31,-0.17902447013652384
gbdt_leaf_1_50,-0.17901025017967778
gbdt_leaf_7_60,-0.17900526882315096
gbdt_leaf_28_36,-0.17890058571441678
gbdt_leaf_31_7,0.1786597548985901
gbdt_leaf_22_33,0.17828442076984088
gbdt_leaf_16_40,0.1781824219429803
gbdt_leaf_6_46,-0.17816353554362108
gbdt_leaf_17_42,0.17814690595239027
gbdt_leaf_25_45,0.17809418868579113
gbdt_leaf_5_56,0.17792960166787541
gbdt_leaf_3_44,0.1778614542999116
gbdt_leaf_31_33,0.17763988986478438
gbdt_leaf_8_21,-0.17763919948866957
gbdt_leaf_1_63,-0.17660889172980324
gbdt_leaf_26_26,-0.17653139201379142
gbdt_leaf_1_4,0.17651357808828513
gbdt_leaf_11_63,0.17637116331859906
gbdt_leaf_0_34,0.17631841515883384
gbdt_leaf_24_0,-0.17631117473149138
gbdt_leaf_30_0,-0.17631117473149138
gbdt_leaf_20_36,0.17600203552587695
gbdt_leaf_24_20,-0.17583423123896674
gbdt_leaf_20_29,0.17583407616039934
gbdt_leaf_12_44,0.17523436413135363
gbdt_leaf_0_36,-0.17457812668188158
gbdt_leaf_19_46,0.17426801560531868
gbdt_leaf_22_23,-0.17406125726080093
gbdt_leaf_26_15,0.17385890159438677
gbdt_leaf_12_33,-0.1737275226471593
gbdt_leaf_27_5,0.17371814974277766
gbdt_leaf_28_39,0.17355743569017523
gbdt_leaf_10_8,0.17345347328449937
gbdt_leaf_3_62,0.17333233191288927
gbdt_leaf_26_5,0.17320316356551577
gbdt_leaf_31_62,-0.17297923287319747
gbdt_leaf_24_23,-0.17262636405521734
gbdt_leaf_27_53,0.1725842430963033
gbdt_leaf_31_42,0.17253080374818722
gbdt_leaf_1_7,-0.17224012601242447
gbdt_leaf_21_35,-0.17211024293583352
gbdt_leaf_4_42,0.1720517750770035
gbdt_leaf_29_49,-0.17196041958123742
gbdt_leaf_5_44,0.17155510249228267
gbdt_leaf_5_40,0.17140621968144085
gbdt_leaf_29_17,-0.17133945166021378
gbdt_leaf_21_57,-0.1713104659990669
gbdt_leaf_21_23,-0.17114111744625132
gbdt_leaf_4_43,-0.17110460946073316
gbdt_leaf_15_17,0.1709462434908157
gbdt_leaf_27_6,0.17084971756219422
gbdt_leaf_19_18,-0.1708461147827052
gbdt_leaf_26_36,-0.1707002099364992
gbdt_leaf_28_41,-0.1707002099364992
gbdt_leaf_24_40,0.17047206386499442
gbdt_leaf_11_15,0.17001045642660217
gbdt_leaf_22_26,-0.16922363220132033
gbdt_leaf_9_8,-0.16919581422878788
gbdt_leaf_18_11,-0.16919581422878788
gbdt_leaf_27_27,0.1691397753112907
gbdt_leaf_12_25,0.16902807977338188
gbdt_leaf_24_39,0.1687922772938895
gbdt_leaf_28_47,0.16873916113071388
gbdt_leaf_16_33,-0.16827347862606537
gbdt_leaf_2_44,-0.1681538633884852
gbdt_leaf_27_24,-0.16810705905395099
gbdt_leaf_13_15,-0.16801965915999925
gbdt_leaf_11_17,-0.16801965915999925
gbdt_leaf_25_57,-0.16801965915999925
gbdt_leaf_10_12,-0.16801965915999925
gbdt_leaf_19_56,-0.16801965915999925
gbdt_leaf_2_12,-0.16801965915999925
gbdt_leaf_19_34,0.16798160178521557
gbdt_leaf_17_24,-0.16797933164158252
gbdt_leaf_1_24,-0.16731028393026232
gbdt_leaf_23_29,-0.1670906215752281
gbdt_leaf_16_60,0.1670850633435288
gbdt_leaf_29_63,0.16688587442696018
gbdt_leaf_29_16,0.1668409714505978
gbdt_leaf_6_56,0.1667812290343344
gbdt_leaf_17_62,0.16665374807835426
gbdt_leaf_28_23,0.16653604974809255
gbdt_leaf_6_60,0.1664527314356055
gbdt_leaf_12_21,-0.16638923697656482
gbdt_leaf_12_2,-0.16638443520809024
gbdt_leaf_21_25,-0.16603898906510584
gbdt_leaf_26_37,0.16601423941600757
gbdt_leaf_20_52,-0.1658807405825895
gbdt_leaf_10_53,0.16578148315187513
gbdt_leaf_9_31,-0.165714676317862
gbdt_leaf_12_58,-0.16558431633428283
gbdt_leaf_0_31,-0.16546360498900112
gbdt_leaf_9_34,0.1653915929067184
gbdt_leaf_29_43,0.16510967570223872
gbdt_leaf_26_34,0.1649485179993288
gbdt_leaf_18_47,-0.16489715577206124
gbdt_leaf_14_4,0.1648417288730596
gbdt_leaf_24_26,0.16473768717235024
gbdt_leaf_1_53,0.1642194064989406
gbdt_leaf_0_35,0.16416718100327798
gbdt_leaf_15_12,-0.16404068304133446
gbdt_leaf_11_27,0.16398543676591726
gbdt_leaf_31_31,-0.16394503257362997
gbdt_leaf_0_63,0.16385904523200265
gbdt_leaf_10_36,-0.1637578733561705
gbdt_leaf_10_30,0.16358673573016907
gbdt_leaf_28_7,0.16349916971439588
gbdt_leaf_14_44,0.16310716178638537
gbdt_leaf_1_5,0.16288507155399728
gbdt_leaf_8_2,-0.1628648550060844
gbdt_leaf_17_33,-0.16284384989815515
gbdt_leaf_1_51,-0.1628285043822264
gbdt_leaf_25_36,0.16224323914084962
gbdt_leaf_10_38,0.16221084682851591
gbdt_leaf_27_19,-0.1621781039550781
gbdt_leaf_3_55,0.16201506359955967
gbdt_leaf_9_44,0.16196198549585505
gbdt_leaf_25_59,0.16161302361598645
gbdt_leaf_25_55,0.16115483192590738
gbdt_leaf_8_25,-0.16107257274575618
gbdt_leaf_14_21,0.16092826091661858
gbdt_leaf_17_22,-0.16090143980789998
gbdt_leaf_28_17,-0.16078273132347773
gbdt_leaf_26_43,0.16065169797754897
gbdt_leaf_18_36,-0.1604682676568877
gbdt_leaf_28_13,0.16017236638051596
gbdt_leaf_11_10,-0.16014625281184666
gbdt_leaf_28_37,-0.16006164873864595
gbdt_leaf_14_18,0.1600303696087006
gbdt_leaf_2_21,0.15980498615209932
gbdt_leaf_12_47,0.1597643774417254
gbdt_leaf_25_2,0.15970388860041662
gbdt_leaf_15_45,0.15953339999118762
gbdt_leaf_27_10,-0.15943214156970123
gbdt_leaf_30_3,0.15942939095402225
gbdt_leaf_19_48,0.15942196707742465
gbdt_leaf_8_57,0.15916304945499232
gbdt_leaf_11_24,0.15911477617927777
gbdt_leaf_5_20,0.1589169349639374
gbdt_leaf_2_28,0.15874196141293412
gbdt_leaf_12_62,-0.1586852857359008
gbdt_leaf_22_48,-0.15862718247490407
gbdt_leaf_14_23,0.15850673782470984
gbdt_leaf_20_62,0.15842968892932718
gbdt_leaf_28_38,-0.1579115348735273
gbdt_leaf_18_24,-0.15788146205323422
gbdt_leaf_5_36,-0.15783380381444537
gbdt_leaf_24_22,-0.15782904556954105
gbdt_leaf_6_9,-0.15781717325952951
gbdt_leaf_0_50,-0.1576782224239379
gbdt_leaf_28_53,-0.15756994805527502
gbdt_leaf_31_24,0.15746630353337746
gbdt_leaf_6_48,0.15712125082533154
gbdt_leaf_7_19,0.1571146039192897
gbdt_leaf_27_36,0.15711327526158306
gbdt_leaf_22_3,-0.15711294924510766
gbdt_leaf_15_7,0.15708473699698014
gbdt_leaf_15_2,0.15707226460273255
gbdt_leaf_13_38,-0.1568870177783256
gbdt_leaf_16_51,-0.1568276912554171
gbdt_leaf_27_39,0.1565590596142718
gbdt_leaf_0_53,-0.15631394065876542
gbdt_leaf_9_4,0.15631074782324744
gbdt_leaf_0_39,-0.15605027041005426
gbdt_leaf_13_49,-0.15589836120730807
gbdt_leaf_31_20,0.15582774336555716
gbdt_leaf_9_9,-0.15581406904679307
gbdt_leaf_26_12,-0.1557070720571297
gbdt_leaf_5_58,0.15554513478310872
gbdt_leaf_1_46,-0.15547034110773483
gbdt_leaf_30_7,-0.15528890693581718
gbdt_leaf_0_42,-0.1552205100075004
gbdt_leaf_14_55,-0.15494663197560965
gbdt_leaf_19_62,0.15473281535158817
gbdt_leaf_10_13,0.15445524281377246
gbdt_leaf_23_28,-0.15438831196317587
gbdt_leaf_22_6,0.1543448234756933
gbdt_leaf_13_47,-0.154098573349931
gbdt_leaf_4_26,-0.15399505633850133
gbdt_leaf_18_53,-0.153900175840625
gbdt_leaf_9_49,-0.153900175840625
gbdt_leaf_20_56,-0.15379461396283012
gbdt_leaf_24_46,0.15356310541646476
gbdt_leaf_18_33,0.15354306501113082
gbdt_leaf_21_10,-0.15321995751902745
gbdt_leaf_16_11,-0.15312929560234678
gbdt_leaf_4_20,-0.15291331537677408
gbdt_leaf_7_21,-0.15287398940271976
gbdt_leaf_24_62,0.1527126910280821
gbdt_leaf_26_31,0.15271225231489888
gbdt_leaf_9_37,-0.15266816083514181
gbdt_leaf_29_57,-0.15252662909012735
gbdt_leaf_19_6,0.1525069156915598
gbdt_leaf_4_37,0.15247521346265322
gbdt_leaf_9_38,-0.15237839308392123
gbdt_leaf_6_6,-0.15171762231040464
gbdt_leaf_7_47,-0.15163589421488402
gbdt_leaf_17_9,0.15149730378294646
gbdt_leaf_29_59,0.15146867672074793
gbdt_leaf_30_11,-0.1511850289134452
gbdt_leaf_11_7,0.15109252037731105
gbdt_leaf_23_63,-0.1509965936542227
gbdt_leaf_8_11,0.15087061487073433
gbdt_leaf_27_9,-0.15041811202032365
gbdt_leaf_0_45,0.14993621060099474
gbdt_leaf_12_22,-0.14958465425371753
gbdt_leaf_18_44,0.14949933949603017
gbdt_leaf_11_23,0.14947390255955972
gbdt_leaf_12_40,0.14927785154949644
gbdt_leaf_25_51,0.14914839244534414
gbdt_leaf_12_3,-0.14910242182501296
gbdt_leaf_5_63,0.14909107001245453
gbdt_leaf_13_13,0.14890731226010792
gbdt_leaf_10_23,-0.14880501774444277
gbdt_leaf_13_35,-0.14880501774444277
gbdt_leaf_14_49,0.1486775939811004
gbdt_leaf_14_59,-0.1485939149132698
gbdt_leaf_27_56,-0.14837941305059807
gbdt_leaf_2_39,-0.14836881876102467
gbdt_leaf_1_39,0.14828389209193676
gbdt_leaf_24_16,-0.1477839341243012
gbdt_leaf_26_13,0.14767472072056004
gbdt_leaf_19_40,-0.14737450376206254
gbdt_leaf_3_8,0.14734931494558526
gbdt_leaf_2_62,0.14732269739009637
gbdt_leaf_23_47,0.14729691466133973
gbdt_leaf_6_12,-0.1470833850082897
gbdt_leaf_17_26,0.14671874877301125
gbdt_leaf_30_18,-0.14669297279942373
gbdt_leaf_19_24,-0.14657415830829093
gbdt_leaf_30_52,-0.14655018465972247
gbdt_leaf_4_31,0.146401618142031
gbdt_leaf_2_51,0.14594104811296993
gbdt_leaf_17_32,-0.14590456928802914
gbdt_leaf_11_25,-0.14566590919751218
gbdt_leaf_6_25,0.14560509446742434
gbdt_leaf_20_12,0.14559713861021611
gbdt_leaf_6_31,-0.14558826743769854
gbdt_leaf_8_20,0.14551948366681325
gbdt_leaf_7_12,0.145449255617755
gbdt_leaf_5_61,0.14477918081953692
gbdt_leaf_12_19,0.14477541769422003
gbdt_leaf_24_21,0.14471638092168154
gbdt_leaf_17_30,0.14460558273275106
gbdt_leaf_1_55,0.1444660402161012
gbdt_leaf_17_56,-0.1439385343495319
gbdt_leaf_31_38,0.1437700208533571
gbdt_leaf_28_63,-0.14343518181236073
gbdt_leaf_1_49,0.14333655918391452
gbdt_leaf_0_51,0.14307145373727068
gbdt_leaf_8_48,-0.14301642882406188
gbdt_leaf_13_41,0.14282130098005594
gbdt_leaf_16_39,-0.142757864907539
gbdt_leaf_9_57,-0.14268597711757414
gbdt_leaf_10_19,0.14265969227439576
gbdt_leaf_6_33,-0.14265038391978066
gbdt_leaf_13_22,0.14259924203140098
gbdt_leaf_17_49,0.14248129680702215
gbdt_leaf_20_61,-0.14193308028121496
gbdt_leaf_27_29,0.1417685436344489
gbdt_leaf_1_3,-0.14150246734875174
gbdt_leaf_14_50,-0.14144400818284708
gbdt_leaf_7_44,0.14110031446283364
gbdt_leaf_20_3,0.1410246573370666
gbdt_leaf_30_60,0.140522572544443
gbdt_leaf_22_44,0.14047714366630062
gbdt_leaf_13_55,-0.1404181083410693
gbdt_leaf_25_28,-0.1399210794973285
gbdt_leaf_2_54,-0.13981280302863508
gbdt_leaf_3_5,0.1396522828559364
gbdt_leaf_11_22,-0.13961202894206823
gbdt_leaf_30_58,0.13950529718521018
gbdt_leaf_18_63,-0.13945423687162892
gbdt_leaf_2_57,0.13929753900275416
gbdt_leaf_6_50,-0.1392234649748799
gbdt_leaf_17_58,-0.13892003181089144
gbdt_leaf_1_36,0.13891258441071413
gbdt_leaf_19_26,0.13878386698633605
gbdt_leaf_4_17,0.1386989588784529
gbdt_leaf_14_28,0.13857698608744795
gbdt_leaf_22_51,-0.13809801201255095
gbdt_leaf_0_28,0.13802970935268577
gbdt_leaf_16_28,0.13798624323995684
gbdt_leaf_2_23,-0.1378804676259586
gbdt_leaf_3_35,0.1376820649862805
gbdt_leaf_27_30,0.13743386143867733
gbdt_leaf_5_47,-0.13734324472524415
gbdt_leaf_23_8,-0.1372806604074978
gbdt_leaf_12_10,0.1370752191686597
gbdt_leaf_15_3,-0.1370514507558443
gbdt_leaf_2_45,-0.1369206681966668
gbdt_leaf_5_5,0.13658993322639698
gbdt_leaf_12_15,0.13637951814296886
gbdt_leaf_4_12,0.13613870842746112
gbdt_leaf_26_53,0.1360744397109416
gbdt_leaf_21_58,-0.1360687339790457
gbdt_leaf_18_51,-0.1360593408439298
gbdt_leaf_17_43,-0.1360132473597594
gbdt_leaf_24_4,-0.13593985874961056
gbdt_leaf_30_36,0.13588828899279348
gbdt_leaf_12_36,0.13577703074185415
gbdt_leaf_28_34,0.1357653308150397
gbdt_leaf_26_22,-0.135677618496222
gbdt_leaf_1_12,0.13563212678019523
gbdt_leaf_1_0,0.1356016913331866
gbdt_leaf_13_40,-0.13558869335286772
gbdt_leaf_13_30,0.13535709105660018
gbdt_leaf_10_35,0.13533720394248341
gbdt_leaf_3_48,-0.13486813869659142
gbdt_leaf_3_11,0.13486515539409555
gbdt_leaf_13_32,-0.134687944447266
gbdt_leaf_31_18,0.1346402520856006
gbdt_leaf_30_27,0.1345937268915073
gbdt_leaf_18_18,-0.13382130835277892
gbdt_leaf_27_48,-0.13357437850329779
gbdt_leaf_8_23,0.13351132869274787
gbdt_leaf_1_48,0.1334414374316746
gbdt_leaf_2_53,0.1332596961456034
gbdt_leaf_26_14,-0.13321249861250636
gbdt_leaf_22_29,-0.13300279250253558
gbdt_leaf_5_9,0.13299201211675452
gbdt_leaf_1_11,-0.1329441531098093
gbdt_leaf_26_51,-0.1326263266613141
gbdt_leaf_4_27,-0.13261889508813904
gbdt_leaf_15_28,-0.13248572530099684
gbdt_leaf_31_28,0.13223107151291405
gbdt_leaf_7_11,-0.13221390486330917
gbdt_leaf_3_40,-0.13188725090231604
gbdt_leaf_25_12,-0.13187582732338102
gbdt_leaf_25_44,-0.13151733152711576
gbdt_leaf_1_41,0.13147052674323526
gbdt_leaf_7_13,0.13095664719526492
gbdt_leaf_0_32,0.13085790425061092
gbdt_leaf_7_57,0.13073083435595304
gbdt_leaf_0_11,0.1306768431047129
gbdt_leaf_13_31,0.13052945845187117
gbdt_leaf_21_31,-0.13048651037823125
gbdt_leaf_4_30,0.13019861353440734
gbdt_leaf_8_18,-0.1298414127975922
gbdt_leaf_19_35,0.12976780922104134
gbdt_leaf_2_31,-0.12975134720672762
gbdt_leaf_27_61,0.12967353285083286
gbdt_leaf_10_46,-0.12943108862843897
gbdt_leaf_16_0,0.1291841244557633
gbdt_leaf_8_22,0.1291112080702789
gbdt_leaf_22_35,-0.1290237752792941
gbdt_leaf_11_48,0.12898136694617637
gbdt_leaf_5_16,0.12894990166034231
gbdt_leaf_4_14,0.12871067213356252
gbdt_leaf_2_40,-0.12862382719752954
gbdt_leaf_28_15,-0.12840784350510956
gbdt_leaf_28_10,0.1282207195454974
gbdt_leaf_19_27,-0.1280414599913943
gbdt_leaf_6_8,0.12780658637960612
gbdt_leaf_22_24,0.12775839558493235
gbdt_leaf_3_54,0.12755908930103985
gbdt_leaf_7_35,0.1275223820093461
gbdt_leaf_23_26,0.12728157594305556
gbdt_leaf_18_21,0.12728157594305556
gbdt_leaf_7_16,-0.1272254861040248
gbdt_leaf_3_19,0.1266002132280824
gbdt_leaf_2_35,0.12643580567779833
gbdt_leaf_13_43,-0.126371138568201
gbdt_leaf_26_2,0.12631773989602424
gbdt_leaf_14_0,0.12631773989602424
gbdt_leaf_13_34,-0.12627524137274784
gbdt_leaf_8_32,0.12621201642852237
gbdt_leaf_12_35,0.12618963047200582
gbdt_leaf_3_58,0.1256498565541512
gbdt_leaf_17_40,-0.12557792826973457
gbdt_leaf_7_20,0.1255329115433383
gbdt_leaf_1_2,-0.1253904679306101
gbdt_leaf_25_35,-0.1253896372234578
gbdt_leaf_31_44,0.12500501358412783
gbdt_leaf_21_36,-0.12498650963947339
gbdt_leaf_1_38,-0.12498575567151245
gbdt_leaf_2_5,-0.12484225050443767
gbdt_leaf_1_40,-0.12449997091134896
gbdt_leaf_4_63,0.1244700713543773
gbdt_leaf_1_56,-0.12441870641247631
gbdt_leaf_10_59,0.12434132082087283
gbdt_leaf_18_43,0.1241339444246324
gbdt_leaf_4_13,0.12410299620227482
gbdt_leaf_14_25,-0.12355365690812457
gbdt_leaf_7_23,0.12350821759610292
gbdt_leaf_25_21,-0.12341867995284413
gbdt_leaf_16_17,-0.12332354623764137
gbdt_leaf_25_56,0.12331786070115058
gbdt_leaf_4_16,-0.12322153756854197
gbdt_leaf_24_18,-0.12303511384220957
gbdt_leaf_22_32,0.12300268188727703
gbdt_leaf_20_18,0.12264913285866193
gbdt_leaf_7_53,-0.12228356532812368
gbdt_leaf_18_14,0.12224900472866247
gbdt_leaf_13_61,-0.12224704654255666
gbdt_leaf_6_34,-0.12215685042263824
gbdt_leaf_7_37,0.1221381391984455
gbdt_leaf_5_42,0.12204069073199615
gbdt_leaf_18_41,-0.12129647116784796
gbdt_leaf_12_23,-0.12102692845928076
gbdt_leaf_24_42,-0.12082826869989129
gbdt_leaf_3_2,-0.12069701700575806
gbdt_leaf_16_2,-0.12069701700575806
gbdt_leaf_0_2,-0.12069701700575806
gbdt_leaf_14_2,-0.12069701700575806
gbdt_leaf_5_30,0.12027240944329727
gbdt_leaf_15_31,0.11998328988414994
gbdt_leaf_4_22,-0.11964709009649316
gbdt_leaf_27_33,-0.11949963533911706
gbdt_leaf_23_41,-0.11948929838176849
gbdt_leaf_27_28,-0.1184667143535173
gbdt_leaf_4_59,-0.11843114035788954
gbdt_leaf_9_10,-0.11828953380918869
gbdt_leaf_19_57,-0.11828787538721112
gbdt_leaf_30_32,-0.11823863728766217
gbdt_leaf_15_9,-0.1175986564826755
gbdt_leaf_28_31,0.11740619543934273
gbdt_leaf_11_59,0.11719086514727034
gbdt_leaf_22_16,-0.11718188238890523
gbdt_leaf_10_14,0.11717261776403602
gbdt_leaf_25_16,0.11705436230332743
gbdt_leaf_0_6,-0.11695013226515351
gbdt_leaf_30_24,-0.11643230904016627
gbdt_leaf_28_50,-0.11586168999577846
gbdt_leaf_23_42,-0.115836878295527
gbdt_leaf_19_53,0.11566731567413747
gbdt_leaf_3_34,-0.11565928613546467
gbdt_leaf_15_16,-0.11558891398193537
gbdt_leaf_3_12,0.11555614752464041
gbdt_leaf_9_18,-0.11554103131913432
gbdt_leaf_25_5,0.115486409323968
gbdt_leaf_7_8,0.11517076545065626
gbdt_leaf_30_46,-0.11477428686318948
gbdt_leaf_29_7,-0.11460109064495892
gbdt_leaf_31_17,-0.11436341323227127
gbdt_leaf_29_9,-0.1141838768663029
gbdt_leaf_15_36,0.11407427822351603
gbdt_leaf_23_20,0.11388569433219696
gbdt_leaf_30_12,-0.11378079836874437
gbdt_leaf_25_41,0.11374885665579625
gbdt_leaf_2_7,0.11362794184435673
gbdt_leaf_22_55,0.11353403282204683
gbdt_leaf_24_51,-0.11311331190906901
gbdt_leaf_5_27,-0.11310113857942423
gbdt_leaf_7_40,-0.11310113857942423
gbdt_leaf_12_6,0.11299360666647056
gbdt_leaf_4_9,-0.11281694615610781
gbdt_leaf_3_24,0.11271657545202829
gbdt_leaf_9_36,0.11268348589563996
gbdt_leaf_15_37,-0.11227925405079049
gbdt_leaf_22_11,-0.11206051757207729
gbdt_leaf_15_49,0.11204522398588053
gbdt_leaf_3_57,0.11172603487326212
gbdt_leaf_0_20,0.11151679435103282
gbdt_leaf_7_51,0.11147460911378768
gbdt_leaf_25_47,-0.11144944714279956
gbdt_leaf_23_40,0.11120971522788005
gbdt_leaf_12_38,0.11113209802674313
gbdt_leaf_2_48,-0.11110753957142083
gbdt_leaf_24_3,-0.11102359005244092
gbdt_leaf_23_2,-0.11073556703062484
gbdt_leaf_4_40,-0.11063298915176757
gbdt_leaf_26_50,0.11023038509305935
gbdt_leaf_4_2,0.10998028083570024
gbdt_leaf_17_54,0.1098955727865818
gbdt_leaf_13_56,0.10989372139589754
gbdt_leaf_17_13,-0.10989159971008738
gbdt_leaf_10_25,0.109792983604039
gbdt_leaf_24_1,0.10968027896853771
gbdt_leaf_7_9,0.10939900111224454
gbdt_leaf_20_0,-0.10907793155768737
gbdt_leaf_2_29,0.10875950173096338
gbdt_leaf_21_13,-0.10849084394990478
gbdt_leaf_23_6,-0.10841523595013822
gbdt_leaf_31_29,0.10835201349952917
gbdt_leaf_19_2,-0.10834999054536393
gbdt_leaf_30_14,0.10828799213566978
gbdt_leaf_5_2,-0.10825195235234548
gbdt_leaf_29_19,0.10812795296614551
gbdt_leaf_28_57,-0.10754354713383328
gbdt_leaf_7_34,-0.10751209457080473
gbdt_leaf_7_55,0.10740778839951527
gbdt_leaf_2_50,-0.10707509676009741
gbdt_leaf_7_50,0.1068567787008453
gbdt_leaf_20_34,0.10681331204624535
gbdt_leaf_5_62,-0.10668464496959221
gbdt_leaf_26_3,-0.10643974199905518
gbdt_leaf_16_3,0.10623371133609626
gbdt_leaf_18_3,0.10623371133609626
gbdt_leaf_23_4,0.10623371133609626
gbdt_leaf_1_20,-0.10615937385899785
gbdt_leaf_18_2,-0.10605698601376054
gbdt_leaf_13_27,-0.10572417027610123
gbdt_leaf_30_19,-0.10566409717245338
gbdt_leaf_30_57,-0.10566076374208079
gbdt_leaf_22_17,-0.1055525938302409
gbdt_leaf_22_50,-0.10462314833285646
gbdt_leaf_22_52,0.10435614935604907
gbdt_leaf_10_47,0.10429202967978228
gbdt_leaf_5_18,0.10416363642374755
gbdt_leaf_13_23,0.10416363642374755
gbdt_leaf_2_19,0.10416363642374755
gbdt_leaf_30_1,-0.10403560995174507
gbdt_leaf_30_43,-0.10378168543229499
gbdt_leaf_23_23,0.1037749309012353
gbdt_leaf_18_23,0.1037749309012353
gbdt_leaf_8_16,-0.10362411546067549
gbdt_leaf_20_17,0.10359636411830028
gbdt_leaf_8_55,0.10355927325933484
gbdt_leaf_25_43,-0.10350671274635943
gbdt_leaf_17_8,-0.10347070161647288
gbdt_leaf_1_9,-0.10343473025486266
gbdt_leaf_1_37,-0.10317030842965291
gbdt_leaf_11_13,-0.1031233827895365
gbdt_leaf_29_26,-0.10299760861941411
gbdt_leaf_8_44,0.10266231249358894
gbdt_leaf_13_11,0.10262005210392176
gbdt_leaf_5_39,-0.10242029126160333
gbdt_leaf_25_8,-0.10238048408681157
gbdt_leaf_0_49,0.10231087753112268
gbdt_leaf_11_54,-0.10221212983337295
gbdt_leaf_20_16,-0.1014333043961766
gbdt_leaf_18_45,-0.10138057216965017
gbdt_leaf_6_61,-0.10129109596853926
gbdt_leaf_16_7,0.10127586349621373
gbdt_leaf_21_2,-0.10104396528231752
gbdt_leaf_27_2,-0.10104396528231752
gbdt_leaf_31_37,0.10096944195119721
gbdt_leaf_31_19,-0.10065803847126763
gbdt_leaf_20_8,0.10045527308452365
gbdt_leaf_24_8,0.10041827014595939
gbdt_leaf_0_26,-0.10034196436051356
gbdt_leaf_9_13,0.10029750592011248
gbdt_leaf_0_14,0.10020402822820483
gbdt_leaf_25_63,0.10012719541599369
gbdt_leaf_0_15,-0.10006476174850833
gbdt_leaf_23_43,0.09964230542484767
gbdt_leaf_28_32,0.09963800927208485
gbdt_leaf_29_52,0.0996331632705796
gbdt_leaf_11_11,-0.09962238824372553
gbdt_leaf_16_4,0.09935401775662794
gbdt_leaf_24_10,-0.09925529242037819
gbdt_leaf_7_18,-0.09922007298871562
gbdt_leaf_2_56,-0.09917088497741176
gbdt_leaf_5_54,-0.09871519515867742
gbdt_leaf_15_62,-0.09867907275829249
gbdt_leaf_11_2,-0.09855185698890563
gbdt_leaf_26_62,0.09852574872000838
gbdt_leaf_6_51,0.09839701077158246
gbdt_leaf_23_56,0.09782015677726483
gbdt_leaf_14_3,-0.09771494091709176
gbdt_leaf_5_48,0.09769698343974034
gbdt_leaf_14_39,0.09765176277675484
gbdt_leaf_5_12,0.09739852725137062
gbdt_leaf_12_27,0.0971946063167999
gbdt_leaf_26_28,0.09709918693407205
gbdt_leaf_8_52,-0.09705618568211548
gbdt_leaf_26_38,0.0968473657303366
gbdt_leaf_3_41,0.09674479172737263
gbdt_leaf_10_37,-0.09640357051308174
gbdt_leaf_7_15,0.09640136469269445
gbdt_leaf_18_4,0.09620273142832914
gbdt_leaf_23_1,-0.09620175522606013
gbdt_leaf_21_32,-0.09597089409423902
gbdt_leaf_11_56,0.09591078204517252
gbdt_leaf_8_34,-0.09586596165430322
gbdt_leaf_13_16,0.09584145698644668
gbdt_leaf_10_15,0.09584145698644668
gbdt_leaf_2_17,0.09569990740235677
gbdt_leaf_24_2,0.09556304166143256
gbdt_leaf_21_61,0.0955477181340289
gbdt_leaf_27_25,-0.09554128989364795
gbdt_leaf_21_18,-0.09554128989364795
gbdt_leaf_14_1,0.09496947848785398
gbdt_leaf_10_9,0.09487420790650535
gbdt_leaf_9_55,-0.09461057911339366
gbdt_leaf_29_51,0.09450276129765113
gbdt_leaf_17_52,0.09435148010844321
gbdt_leaf_11_33,0.09408413071994298
gbdt_leaf_11_0,0.09401832637369745
gbdt_leaf_28_49,-0.09387041036351751
gbdt_leaf_16_53,0.09378759518637211
gbdt_leaf_29_22,0.09358998395407238
gbdt_leaf_20_26,-0.09332473690453821
gbdt_leaf_24_59,-0.09329669809414208
gbdt_leaf_27_0,0.09314871628872254
gbdt_leaf_30_29,-0.09314834873430591
gbdt_leaf_13_36,0.09266152364963656
gbdt_leaf_25_33,-0.09229544769880209
gbdt_leaf_2_2,0.092223611906685
gbdt_leaf_25_6,0.09207651889317554
gbdt_leaf_19_12,0.09204246599097074
gbdt_leaf_13_58,-0.09185365562002774
gbdt_leaf_19_39,-0.09182397526954379
gbdt_leaf_0_41,0.09176302204751216
gbdt_leaf_8_7,0.09170918905952813
gbdt_leaf_2_9,0.09170918905952813
gbdt_leaf_8_15,0.09169041400888325
gbdt_leaf_27_46,0.091563236460685
gbdt_leaf_19_60,0.09150675993608383
gbdt_leaf_12_12,0.09136223549053109
gbdt_leaf_30_17,0.09135723840250212
gbdt_leaf_30_28,-0.09122526490105158
gbdt_leaf_5_14,0.09101051026356771
gbdt_leaf_0_8,0.09101051026356771
gbdt_leaf_11_21,0.09101051026356771
gbdt_leaf_2_14,0.09101051026356771
gbdt_leaf_14_56,0.09042792977924978
gbdt_leaf_1_15,-0.09035843734357481
gbdt_leaf_1_17,-0.09030479258945656
gbdt_leaf_31_60,0.09022354217484867
gbdt_leaf_31_54,0.0902169603470323
gbdt_leaf_9_39,-0.0894565556445345
gbdt_leaf_14_54,0.08945560638530012
gbdt_leaf_28_16,-0.08934193199929329
gbdt_leaf_15_15,-0.089191937240458
gbdt_leaf_10_63,0.089155595138291
gbdt_leaf_10_0,0.08914717248997371
gbdt_leaf_26_0,0.08914717248997371
gbdt_leaf_8_0,0.08914717248997371
gbdt_leaf_23_0,0.08914717248997371
gbdt_leaf_22_0,0.08914717248997371
gbdt_leaf_25_0,0.08914717248997371
gbdt_leaf_10_50,-0.08906259715259361
gbdt_leaf_2_38,0.0890285421785094
gbdt_leaf_4_36,-0.08902759580826614
gbdt_leaf_9_35,0.08895558524738954
gbdt_leaf_5_49,0.08840728859715923
gbdt_leaf_30_39,0.0883412941904842
gbdt_leaf_21_49,-0.08819348323089965
gbdt_leaf_10_28,-0.08818546833047981
gbdt_leaf_11_49,-0.08818546833047981
gbdt_leaf_2_34,-0.08818546833047981
gbdt_leaf_12_59,-0.08797480123490685
gbdt_leaf_18_49,0.08785345405618247
gbdt_leaf_20_39,0.08754742758373125
gbdt_leaf_16_25,0.08744320568351355
gbdt_leaf_27_60,0.08731082776863322
gbdt_leaf_12_34,0.08699616730673002
gbdt_leaf_26_54,0.08692671578527592
gbdt_leaf_16_9,-0.0865919131571188
gbdt_leaf_24_5,-0.08651784643064746
gbdt_leaf_9_14,0.08641440537206256
gbdt_leaf_3_61,-0.08635232503003046
gbdt_leaf_16_57,0.08587583272314143
gbdt_leaf_7_24,0.08578184589718005
gbdt_leaf_19_31,-0.08541568075558019
gbdt_leaf_21_56,-0.08494926627119494
gbdt_leaf_19_52,-0.08489613354681216
gbdt_leaf_10_58,-0.08460345810642543
gbdt_leaf_29_11,-0.08459170353040864
gbdt_leaf_19_14,0.08389356792068754
gbdt_leaf_11_29,-0.08385767482311611
gbdt_leaf_3_23,0.08384460487581816
gbdt_leaf_25_48,0.0837344393815015
gbdt_leaf_3_38,0.08358099850484281
gbdt_leaf_22_47,-0.08358018206009274
gbdt_leaf_1_10,0.08342596510877112
gbdt_leaf_10_17,-0.08339272287759542
gbdt_leaf_14_9,0.08327761834392129
gbdt_leaf_20_40,0.08315819695072535
gbdt_leaf_15_14,0.0830496351284596
gbdt_leaf_5_29,-0.08301973549039414
gbdt_leaf_12_56,0.08300733392991862
gbdt_leaf_29_46,-0.08287051012287842
gbdt_leaf_6_36,0.08282801897670058
gbdt_leaf_6_27,-0.08280783699065762
gbdt_leaf_12_46,0.08253950253377713
gbdt_leaf_19_38,0.08221040416578321
gbdt_leaf_5_0,-0.0820222945206069
gbdt_leaf_2_0,-0.0820222945206069
gbdt_leaf_13_0,-0.0820222945206069
gbdt_leaf_29_1,0.08130239693496247
gbdt_leaf_20_48,0.08128671987802795
gbdt_leaf_13_53,0.0811962780820346
gbdt_leaf_31_59,0.08102529538148454
gbdt_leaf_31_9,0.08101795929606385
gbdt_leaf_3_42,-0.08098687092925357
gbdt_leaf_24_31,-0.08072592837182943
gbdt_leaf_4_54,0.08001253160800058
gbdt_leaf_4_35,-0.08000974233505045
gbdt_leaf_5_41,-0.07976016580039838
gbdt_leaf_22_63,-0.07974302022753896
gbdt_leaf_15_18,0.07952029150877205
gbdt_leaf_2_61,0.07942970306456369
gbdt_leaf_7_7,0.07905263164565747
gbdt_leaf_5_33,0.07879735831500066
gbdt_leaf_9_6,0.07879420804420034
gbdt_leaf_20_25,0.07876965327358172
gbdt_leaf_26_33,0.07851285542250917
gbdt_leaf_22_10,-0.07834392813897138
gbdt_leaf_16_16,0.07812699459694522
gbdt_leaf_7_30,-0.0780265546231997
gbdt_leaf_4_29,-0.07795235948512895
gbdt_leaf_1_8,-0.07783170974589011
gbdt_leaf_23_59,-0.07745003824475023
gbdt_leaf_2_55,0.07727600297991634
gbdt_leaf_16_37,0.07721989140600605
gbdt_leaf_11_51,0.07690539063046951
gbdt_leaf_13_17,0.07687667267352156
gbdt_leaf_0_25,0.07677205015344334
gbdt_leaf_31_11,-0.07652649490135356
gbdt_leaf_10_5,0.07650684786938573
gbdt_leaf_18_38,0.07639240470720066
gbdt_leaf_12_1,0.07597659925760315
gbdt_leaf_8_1,0.07597659925760315
gbdt_leaf_9_1,0.07597659925760315
gbdt_leaf_4_1,0.07597659925760315
gbdt_leaf_7_1,0.07586484050628824
gbdt_leaf_3_10,0.07586484050628824
gbdt_leaf_31_6,0.07550181817624449
gbdt_leaf_22_5,0.07550181817624449
gbdt_leaf_30_2,0.07550181817624449
gbdt_leaf_7_61,-0.07545872855722882
gbdt_leaf_26_41,0.07545196919335734
gbdt_leaf_27_57,0.07541754977811126
gbdt_leaf_17_27,-0.07535085699074023
gbdt_leaf_11_50,0.07523678513609033
gbdt_leaf_6_53,-0.07518380198845155
gbdt_leaf_10_6,0.07510474093231342
gbdt_leaf_28_21,-0.07507295600061906
gbdt_leaf_6_44,0.07506926845698901
gbdt_leaf_12_18,-0.07493298446173743
gbdt_leaf_0_56,0.0748324842791427
gbdt_leaf_23_38,0.07454314844197014
gbdt_leaf_2_30,0.07454198597259129
gbdt_leaf_10_42,0.07415979343186085
gbdt_leaf_10_20,0.07400512804464122
gbdt_leaf_16_50,0.07400512804464122
gbdt_leaf_11_26,0.07400512804464122
gbdt_leaf_2_25,0.07400512804464122
gbdt_leaf_8_13,-0.07395067602064916
gbdt_leaf_2_13,0.07394778215824946
gbdt_leaf_29_3,0.07392247809836669
gbdt_leaf_24_49,-0.0738511543283378
gbdt_leaf_24_41,0.07358383185515
gbdt_leaf_30_33,0.07336947876158105
gbdt_leaf_17_11,-0.07317769872073382
gbdt_leaf_5_34,-0.07289198150924223
gbdt_leaf_4_39,-0.0728802673261141
gbdt_leaf_17_6,-0.07252871992587975
gbdt_leaf_8_42,0.07238591081450624
gbdt_leaf_9_25,0.0721654699269634
gbdt_leaf_11_9,-0.07205478133535784
gbdt_leaf_25_1,0.07181790393393915
gbdt_leaf_19_1,0.07181790393393915
gbdt_leaf_3_32,-0.07180103744689523
gbdt_leaf_15_24,0.07178288035542021
gbdt_leaf_5_24,0.07091866769350308
gbdt_leaf_9_28,0.07085663385267191
gbdt_leaf_13_10,0.0707899451029348
gbdt_leaf_26_44,0.07067084784866233
gbdt_leaf_11_3,0.07030452758731309
gbdt_leaf_29_18,-0.07011314801092919
gbdt_leaf_28_60,-0.0699931585922029
gbdt_leaf_16_26,0.06965606873138605
gbdt_leaf_6_2,-0.06940701525181642
gbdt_leaf_0_3,-0.06940701525181642
gbdt_leaf_7_0,-0.06940701525181642
gbdt_leaf_28_43,0.06917355169090765
gbdt_leaf_20_31,-0.06893711483779537
gbdt_leaf_19_41,-0.06882375861247361
gbdt_leaf_0_16,-0.06858384947147729
gbdt_leaf_17_3,0.06857008452533678
gbdt_leaf_26_9,0.06847446227919803
gbdt_leaf_3_4,0.0684000858167764
gbdt_leaf_23_51,0.06829412751936295
gbdt_leaf_13_28,-0.06821873998381478
gbdt_leaf_4_55,0.06801646182752545
gbdt_leaf_17_0,0.06793494982625153
gbdt_leaf_20_37,0.06775376229482409
gbdt_leaf_5_21,0.06767828422713705
gbdt_leaf_3_22,0.06767828422713705
gbdt_leaf_29_30,-0.06730198052527714
gbdt_leaf_10_34,-0.06729131389868899
gbdt_leaf_18_56,0.06700445197700822
gbdt_leaf_9_52,0.06700445197700822
gbdt_leaf_18_5,-0.06683669106859774
gbdt_leaf_1_16,-0.06650874426862419
gbdt_leaf_12_8,-0.0662751341569185
gbdt_leaf_8_9,0.06568460119550869
gbdt_leaf_2_10,0.06568460119550869
gbdt_leaf_6_62,-0.06565121319491668
gbdt_leaf_12_43,-0.06556539333013563
gbdt_leaf_7_43,0.06538516554556899
gbdt_leaf_10_61,0.06490714787786013
gbdt_leaf_27_62,0.06474641629773836
gbdt_leaf_24_50,0.06466814225480438
gbdt_leaf_1_14,-0.06463772754926127
gbdt_leaf_31_63,0.06458106750618653
gbdt_leaf_17_45,-0.06408617489103084
gbdt_leaf_23_16,-0.06407885619799258
gbdt_leaf_19_20,-0.06407885619799258
gbdt_leaf_4_44,0.06391863338209836
gbdt_leaf_12_51,-0.06388754549055489
gbdt_leaf_4_32,0.0635763682955853
gbdt_leaf_6_23,0.06340188789337366
gbdt_leaf_29_44,-0.06323282849431264
gbdt_leaf_25_23,-0.06288045373697135
gbdt_leaf_11_20,0.06272144137504677
gbdt_leaf_4_41,0.06270210228612323
gbdt_leaf_22_22,-0.06262021611856781
gbdt_leaf_22_19,0.06250803756126765
gbdt_leaf_14_40,0.0623768498453459
gbdt_leaf_12_42,0.06228088712229701
gbdt_leaf_28_56,0.06190078880076163
gbdt_leaf_6_49,0.061622087816907284
gbdt_leaf_0_38,-0.06147703927397534
gbdt_leaf_26_10,0.06074225568349797
gbdt_leaf_13_1,0.06073039285256621
gbdt_leaf_10_1,0.06073039285256621
gbdt_leaf_16_55,0.060654932340868356
gbdt_leaf_8_10,0.060550139779020316
gbdt_leaf_26_27,0.059639700390206433
gbdt_leaf_21_48,0.05948917995069132
gbdt_leaf_10_3,0.059342923015580376
gbdt_leaf_21_26,0.05921758172126379
gbdt_leaf_31_8,0.05905342004528608
gbdt_leaf_11_1,0.05903944084649382
gbdt_leaf_0_1,0.05903944084649382
gbdt_leaf_3_1,0.05903944084649382
gbdt_leaf_6_10,0.05884711308293115
gbdt_leaf_5_23,-0.05860331261684157
gbdt_leaf_8_61,-0.05857474520944987
gbdt_leaf_0_7,-0.05855892561876283
gbdt_leaf_5_13,-0.05855892561876283
gbdt_leaf_8_33,-0.05855892561876283
gbdt_leaf_9_29,-0.05855892561876283
gbdt_leaf_12_30,-0.05855892561876283
gbdt_leaf_4_25,-0.05855892561876283
gbdt_leaf_13_4,-0.05852571004359687
gbdt_leaf_10_24,-0.05845076456139423
gbdt_leaf_5_19,-0.05845076456139423
gbdt_leaf_26_55,-0.05841523813947079
gbdt_leaf_19_0,0.05811536675752987
gbdt_leaf_7_2,-0.058036759714776065
gbdt_leaf_22_49,0.057961481483572136
gbdt_leaf_23_27,0.057750227588669406
gbdt_leaf_9_48,-0.05755441045338755
gbdt_leaf_21_1,-0.0572034823246269
gbdt_leaf_28_1,-0.0572034823246269
gbdt_leaf_7_52,0.057146106385705484
gbdt_leaf_6_30,0.057117223742992995
gbdt_leaf_20_60,-0.056523884403683985
gbdt_leaf_8_24,0.05651917036869506
gbdt_leaf_0_4,-0.05635965298058232
gbdt_leaf_9_5,0.05584280566090608
gbdt_leaf_4_50,0.05571079171614096
gbdt_leaf_12_57,-0.055661383749563156
gbdt_leaf_22_27,-0.05565206618393031
gbdt_leaf_1_6,0.05533813034755059
gbdt_leaf_21_53,0.05513851234533382
gbdt_leaf_14_37,0.05508074566920974
gbdt_leaf_4_10,-0.05493532655660603
gbdt_leaf_30_15,0.05482847168845527
gbdt_leaf_7_17,0.054743469953458544
gbdt_leaf_28_42,-0.05452767105834551
gbdt_leaf_4_45,-0.05426906839187272
gbdt_leaf_23_15,0.053888370885701156
gbdt_leaf_29_28,0.05365484371354897
gbdt_leaf_24_9,-0.05363260872974114
gbdt_leaf_13_62,-0.053542158757231
gbdt_leaf_0_57,0.05354048738632805
gbdt_leaf_6_59,-0.053247704651795714
gbdt_leaf_6_45,-0.05324245757542105
gbdt_leaf_8_46,0.052867001769191076
gbdt_leaf_8_6,-0.052670382483794194
gbdt_leaf_17_23,0.05261295439345226
gbdt_leaf_13_14,-0.05249558853039842
gbdt_leaf_3_47,-0.05246829109662366
gbdt_leaf_12_32,-0.05236089664417143
gbdt_leaf_23_44,-0.052315281558496796
gbdt_leaf_18_34,-0.052315281558496796
gbdt_leaf_18_9,-0.05230957956063702
gbdt_leaf_8_58,0.05224349967734232
gbdt_leaf_13_48,-0.05206957367993172
gbdt_leaf_17_5,0.051875585544310605
gbdt_leaf_31_35,0.05162113453432786
gbdt_leaf_4_28,-0.05133306347888351
gbdt_leaf_4_47,0.0513166291856263
gbdt_leaf_17_36,-0.05068264030867295
gbdt_leaf_13_44,-0.05056788363743487
gbdt_leaf_20_19,0.050329716518927106
gbdt_leaf_5_15,-0.05014297832569617
gbdt_leaf_1_26,0.049913811474739625
gbdt_leaf_29_5,-0.04967514603614337
gbdt_leaf_9_40,0.04964067355158046
gbdt_leaf_18_37,-0.049550518055191145
gbdt_leaf_23_39,-0.049550518055191145
gbdt_leaf_2_3,-0.04941657871538271
gbdt_leaf_5_3,-0.04941657871538271
gbdt_leaf_7_3,-0.04941657871538271
gbdt_leaf_9_33,0.049320986440073475
gbdt_leaf_19_16,0.04905517918070848
gbdt_leaf_21_0,0.04887939037119936
gbdt_leaf_9_58,0.04881951913871571
gbdt_leaf_15_26,0.04869001301886548
gbdt_leaf_15_55,0.048394245138649074
gbdt_leaf_28_44,0.04813782726966373
gbdt_leaf_14_11,-0.048063073178784804
gbdt_leaf_4_0,-0.047829920978106746
gbdt_leaf_6_63,-0.047822163562699034
gbdt_leaf_4_19,0.04770158923641567
gbdt_leaf_6_47,0.04698577020773014
gbdt_leaf_30_54,0.04686762690843392
gbdt_leaf_29_20,0.046707018883823635
gbdt_leaf_1_32,0.04658489411921086
gbdt_leaf_5_7,-0.04652972126030539
gbdt_leaf_2_63,-0.046464783204685625
gbdt_leaf_18_28,0.046133861082599335
gbdt_leaf_19_29,-0.04603109625440936
gbdt_leaf_0_18,0.0459191801743369
gbdt_leaf_25_15,0.04591061423480604
gbdt_leaf_22_31,-0.04581138913427108
gbdt_leaf_16_54,-0.045756064289895634
gbdt_leaf_8_56,0.04570215232018568
gbdt_leaf_1_19,0.045666890544340366
gbdt_leaf_16_22,0.045204479433681666
gbdt_leaf_14_19,-0.044727026705908154
gbdt_leaf_3_60,-0.04428365608372664
gbdt_leaf_1_47,0.04424937828395445
gbdt_leaf_8_3,-0.044216350243754386
gbdt_leaf_29_34,-0.04408117516655791
gbdt_leaf_7_49,-0.0439592316015218
gbdt_leaf_0_5,0.043769478012454704
gbdt_leaf_27_3,-0.04364621905931931
gbdt_leaf_28_52,0.043511971462266215
gbdt_leaf_17_15,-0.04346889083235366
gbdt_leaf_31_55,-0.043457762383186785
gbdt_leaf_0_21,-0.04331685496641121
gbdt_leaf_27_37,-0.0432813609759864
gbdt_leaf_8_12,0.04313027367507268
gbdt_leaf_20_28,0.042438194449179525
gbdt_leaf_27_12,0.04233108657196896
gbdt_leaf_27_16,0.041969201541889434
gbdt_leaf_4_53,0.04165014015984357
gbdt_leaf_16_59,0.04126839008418833
gbdt_leaf_31_21,-0.041041154812663884
gbdt_leaf_10_2,0.04100369583413723
gbdt_leaf_10_43,0.04085778668149008
gbdt_leaf_7_29,0.04083643148088898
gbdt_leaf_3_15,0.0408016875800154
gbdt_leaf_24_11,0.03999508308390888
gbdt_leaf_9_22,0.03959066123615453
gbdt_leaf_31_48,0.03946659523058048
gbdt_leaf_21_4,-0.03942996448259025
gbdt_leaf_4_11,0.03937218354386316
gbdt_leaf_5_31,0.0390925427928047
gbdt_leaf_7_54,0.03898387010801106
gbdt_leaf_24_56,-0.038950251681425054
gbdt_leaf_3_50,0.03894567838290476
gbdt_leaf_27_49,-0.03887240873273893
gbdt_leaf_22_57,-0.03886590144105221
gbdt_leaf_8_26,0.03870593748190006
gbdt_leaf_13_19,-0.037832220159524206
gbdt_leaf_5_1,0.03779142199310701
gbdt_leaf_2_1,0.03779142199310701
gbdt_leaf_2_24,0.037765125795174076
gbdt_leaf_1_61,-0.03774503429635735
gbdt_leaf_31_2,0.03765095942847433
gbdt_leaf_19_19,-0.03764349562812317
gbdt_leaf_23_14,-0.03764349562812317
gbdt_leaf_1_44,0.037621745959023616
gbdt_leaf_25_27,-0.03731547323593554
gbdt_leaf_14_16,0.03698628770020601
gbdt_leaf_9_16,0.03687817146787045
gbdt_leaf_4_48,0.0368659135187878
gbdt_leaf_9_26,0.036662099141703125
gbdt_leaf_2_33,-0.03643957149902727
gbdt_leaf_8_8,0.03622687545243938
gbdt_leaf_5_51,0.03621543979873523
gbdt_leaf_13_6,-0.03575112560839502
gbdt_leaf_12_54,0.03558209224027129
gbdt_leaf_7_22,0.03531813163580446
gbdt_leaf_21_43,0.03526464844158251
gbdt_leaf_4_7,0.035185326354720305
gbdt_leaf_15_53,0.035056581642248084
gbdt_leaf_14_32,0.03500971829366274
gbdt_leaf_29_45,0.03443850827594603
gbdt_leaf_31_10,-0.034406778712751475
gbdt_leaf_8_50,0.03436392601316643
gbdt_leaf_19_63,0.03427414538064906
gbdt_leaf_14_35,-0.034209820972956356
gbdt_leaf_9_43,0.03412724130497276
gbdt_leaf_16_6,0.03408947276877889
gbdt_leaf_5_28,0.033942936147826536
gbdt_leaf_17_53,0.033890234100464156
gbdt_leaf_2_18,-0.033354775486876924
gbdt_leaf_15_11,0.032960828575571116
gbdt_leaf_6_4,0.03275521414348018
gbdt_leaf_8_31,0.032685016543930835
gbdt_leaf_5_8,0.03238122926977785
gbdt_leaf_13_21,-0.03217522194804371
gbdt_leaf_31_53,-0.031889892474918226
gbdt_leaf_0_10,-0.03181962477592161
gbdt_leaf_29_31,0.03176132691025571
gbdt_leaf_16_44,-0.031749341864410655
gbdt_leaf_15_1,-0.03151797295599614
gbdt_leaf_6_32,-0.031205736195789476
gbdt_leaf_24_7,-0.031167345202378155
gbdt_leaf_4_8,-0.03094024626560076
gbdt_leaf_24_13,0.030849750820828543
gbdt_leaf_25_3,-0.030792619485467965
gbdt_leaf_12_20,0.030780693441722913
gbdt_leaf_22_7,0.030728991216646084
gbdt_leaf_23_60,0.03037364011275888
gbdt_leaf_0_54,-0.030232260176537042
gbdt_leaf_6_38,0.030208199671145908
gbdt_leaf_23_61,-0.03018740138094646
gbdt_leaf_19_32,-0.03018740138094646
gbdt_leaf_19_30,-0.03012132855477973
gbdt_leaf_19_13,-0.030120546989741898
gbdt_leaf_26_19,0.03002684470214923
gbdt_leaf_7_63,-0.02967307540162423
gbdt_leaf_16_36,-0.029642097020238872
gbdt_leaf_0_59,-0.029579395586856065
gbdt_leaf_31_14,-0.02949170835081266
gbdt_leaf_18_46,-0.029152737041433383
gbdt_leaf_9_2,-0.028814380462172447
gbdt_leaf_13_25,-0.028523241490436096
gbdt_leaf_14_41,-0.02837370343125482
gbdt_leaf_8_29,-0.028336994694475613
gbdt_leaf_22_53,0.027752047618613197
gbdt_leaf_13_9,0.02770401564572782
gbdt_leaf_21_60,0.0274097393401895
gbdt_leaf_6_28,-0.02715141010196021
gbdt_leaf_22_12,-0.026156992506850146
gbdt_leaf_4_6,-0.02597942675838714
gbdt_leaf_12_26,0.025961983065307195
gbdt_leaf_31_23,-0.025932782512108888
gbdt_leaf_11_4,0.025685214908993025
gbdt_leaf_17_44,-0.025508605485607298
gbdt_leaf_16_63,-0.024808596509799823
gbdt_leaf_0_24,0.024413479959271418
gbdt_leaf_6_55,0.024029605988079017
gbdt_leaf_26_1,-0.023936034676930455
gbdt_leaf_5_10,-0.02392573483044806
gbdt_leaf_20_1,0.02383580791942026
gbdt_leaf_3_0,-0.02376337227574944
gbdt_leaf_23_17,0.023750706588070995
gbdt_leaf_6_1,-0.023677197245188974
gbdt_leaf_5_17,-0.023412297202543824
gbdt_leaf_3_49,-0.022919719567806786
gbdt_leaf_10_4,0.022815327782788494
gbdt_leaf_13_5,0.022815327782788494
gbdt_leaf_15_61,-0.02264115185697113
gbdt_leaf_7_45,0.022494181102571453
gbdt_leaf_1_25,0.02235973185614562
gbdt_leaf_24_37,0.022309370552238663
gbdt_leaf_12_48,0.022092255254186403
gbdt_leaf_9_56,0.021667755423755413
gbdt_leaf_16_49,-0.021481050020508558
gbdt_leaf_22_20,-0.021480338010356433
gbdt_leaf_30_48,0.021475313040372375
gbdt_leaf_13_52,0.02136005905708187
gbdt_leaf_7_4,0.021339026140370445
gbdt_leaf_8_5,-0.021298829580768654
gbdt_leaf_19_21,0.021277231969541593
gbdt_leaf_16_1,0.020535352679845804
gbdt_leaf_4_60,-0.020501021642122256
gbdt_leaf_16_43,-0.02041845032433856
gbdt_leaf_7_14,-0.020299235521930883
gbdt_leaf_12_29,0.019626806751758347
gbdt_leaf_29_21,-0.019194850132788002
gbdt_leaf_7_42,0.01897230643329578
gbdt_leaf_29_61,-0.01896715552373624
gbdt_leaf_13_26,-0.018807141603759802
gbdt_leaf_15_47,0.018766314074502095
gbdt_leaf_12_16,-0.018244618371398992
gbdt_leaf_15_59,0.017862743086841947
gbdt_leaf_24_55,0.017582063212603725
gbdt_leaf_24_27,0.01753162735073086
gbdt_leaf_18_0,0.017521862725042414
gbdt_leaf_18_1,0.01741767363884022
gbdt_leaf_22_1,0.01741767363884022
gbdt_leaf_28_6,0.01726438656398184
gbdt_leaf_5_45,-0.017174774537242404
gbdt_leaf_23_24,-0.01686017083927258
gbdt_leaf_24_44,-0.016848746728431424
gbdt_leaf_31_12,-0.016691295567081856
gbdt_leaf_18_39,-0.016629785296909498
gbdt_leaf_2_6,-0.01655812137468
gbdt_leaf_1_13,-0.016356346866743077
gbdt_leaf_2_20,-0.016297061227888106
gbdt_leaf_16_15,0.016261082642973195
gbdt_leaf_28_24,-0.0157098764407244
gbdt_leaf_12_55,0.015061258769506859
gbdt_leaf_18_7,0.01492130243293062
gbdt_leaf_4_23,0.014899695470423606
gbdt_leaf_1_59,0.014734246793962291
gbdt_leaf_20_53,0.014716690044207335
gbdt_leaf_15_50,-0.014577291113221796
gbdt_leaf_5_37,-0.014451196992210775
gbdt_leaf_6_37,-0.01443061487638383
gbdt_leaf_28_45,0.013825005158184389
gbdt_leaf_2_60,0.013557123157621769
gbdt_leaf_8_19,-0.013274635362827794
gbdt_leaf_16_23,0.013113241333666441
gbdt_leaf_30_31,0.013074437904596843
gbdt_leaf_7_33,-0.013001272633531135
gbdt_leaf_4_58,0.012724103025170923
gbdt_leaf_20_7,-0.012438496497331482
gbdt_leaf_8_41,0.011793568658034697
gbdt_leaf_7_39,0.011664855257936946
gbdt_leaf_11_37,0.0116300633601295
gbdt_leaf_10_44,-0.010942239426149792
gbdt_leaf_9_3,0.010805258625753099
gbdt_leaf_26_20,-0.010791422949801564
gbdt_leaf_13_57,0.01075783232741704
gbdt_leaf_3_39,0.010410593087932265
gbdt_leaf_15_29,0.009935277958948026
gbdt_leaf_26_30,-0.009753141345652472
gbdt_leaf_15_51,-0.009608714997464705
gbdt_leaf_23_36,-0.009375074306502498
gbdt_leaf_18_29,0.009263614016643846
gbdt_leaf_2_32,0.009160824862863742
gbdt_leaf_7_28,0.009160824862863742
gbdt_leaf_9_12,-0.008864574402217707
gbdt_leaf_20_42,-0.008807594557103508
gbdt_leaf_17_55,0.008579171942609671
gbdt_leaf_1_45,0.008431519355534463
gbdt_leaf_9_0,0.008368305854728444
gbdt_leaf_5_4,-0.008193527142918924
gbdt_leaf_19_58,0.008036585497144155
gbdt_leaf_30_5,-0.007492229867501942
gbdt_leaf_20_22,0.007485444795148563
gbdt_leaf_14_62,0.007255445694792068
gbdt_leaf_25_53,-0.007233155170697048
gbdt_leaf_1_58,-0.006656239736146277
gbdt_leaf_4_56,0.0065916008554920535
gbdt_leaf_16_34,-0.0063450335546205265
gbdt_leaf_25_29,0.0062820719832152
gbdt_leaf_10_62,0.0061149142787663025
gbdt_leaf_19_7,0.00588142505100259
gbdt_leaf_0_30,-0.005846579070397703
gbdt_leaf_25_9,-0.005799377986968879
gbdt_leaf_2_4,0.005757301798730446
gbdt_leaf_18_19,-0.005467899924540109
gbdt_leaf_3_18,0.005325653597117181
gbdt_leaf_30_49,0.00507846145593923
gbdt_leaf_4_3,0.004999315434013782
gbdt_leaf_10_7,0.0048219997657870505
gbdt_leaf_8_37,0.004318200955615563
gbdt_leaf_16_8,0.004197368628917241
gbdt_leaf_7_6,-0.0035555368648616708
gbdt_leaf_29_39,0.003419353213581993
gbdt_leaf_3_45,-0.0033529280506979483
gbdt_leaf_1_42,0.0030655642157432204
gbdt_leaf_9_45,0.0029098335046994573
gbdt_leaf_19_5,0.002750685137428043
gbdt_leaf_31_22,0.002445573082231218
gbdt_leaf_25_62,-0.0022787928345356714
gbdt_leaf_30_23,-0.0021244011536096286
gbdt_leaf_11_6,0.0015935551733604434
gbdt_leaf_24_25,0.0014384565596228702
gbdt_leaf_28_51,-0.0012292607931499073
gbdt_leaf_4_4,0.0008505289775272639
gbdt_leaf_14_63,0.0008455369977973636
gbdt_leaf_1_28,0.0008168888086113566
gbdt_leaf_5_6,0.0004388852404351604
