股票名称,股票代码,新闻时间,新闻标题,简要内容,查询时间,情感分数,相关性,影响度,预期差,情感方向,情感分析时间,日期,新闻链接
君实生物,688180,2026-07-29 09:38:00,君实生物、上海医药等成立生物医药产业私募基金,,2026-07-29 15:04:28,1.4962499999999999,0.95,0.45,0.1,0.6,2026-07-29 15:07:48,2026-07-29,http://finance.eastmoney.com/a/202607293824597334.html
苏大维格,300416,2026-07-29 08:02:16,QFII持仓浮出水面，增持个股业绩表现良好,,2026-07-29 15:04:28,2.8800000000000003,0.8,0.6,0.4,0.8,2026-07-29 15:08:22,2026-07-29,http://finance.eastmoney.com/a/202607293824190612.html
君实生物,688180,2026-07-29 08:01:58,中医药基层发展加码；国家医保局通报张某坚受贿案,,2026-07-29 15:04:28,-0.04000000000000001,0.2,0.2,0.0,-0.2,2026-07-29 15:08:59,2026-07-29,http://finance.eastmoney.com/a/202607293824155020.html
石药创新,300765,2026-07-29 07:45:18,【读财报】医药生物公司中期业绩前瞻：逾四成预喜 九安医疗、吉林敖东净利润居前,,2026-07-29 15:04:28,0.36,0.4,0.3,0.1,0.5,2026-07-29 15:09:27,2026-07-29,http://finance.eastmoney.com/a/202607293824151710.html
新宙邦,300037,2026-07-29 07:40:24,A股分红派息转增一览：14股今日股权登记,,2026-07-29 15:04:28,0.9000000000000001,0.9,0.4,0.0,0.5,2026-07-29 15:10:07,2026-07-29,http://finance.eastmoney.com/a/202607293824099735.html
长信科技,300115,2026-07-29 07:19:38,投资、并购、合作多路并进 消费电子企业涌入智算中心赛道,,2026-07-29 15:04:28,0.36,0.4,0.3,0.1,0.5,2026-07-29 15:10:48,2026-07-29,http://finance.eastmoney.com/a/202607293823929579.html
立讯精密,002475,2026-07-29 07:19:38,投资、并购、合作多路并进 消费电子企业涌入智算中心赛道,,2026-07-29 15:04:28,1.4,0.8,0.5,0.1,0.6,2026-07-29 15:11:21,2026-07-29,http://finance.eastmoney.com/a/202607293823929579.html
沃森生物,300142,2026-07-29 06:44:50,促进上市公司做优做强政策信号明晰 进一步夯实财务造假综合惩防体系 持续释放并购重组活力,,2026-07-29 15:04:28,0.12,0.3,0.2,0.0,0.4,2026-07-29 15:11:58,2026-07-29,http://finance.eastmoney.com/a/202607293823965337.html
中铁工业,600528,2026-07-29 05:48:32,上海市松江区石湖荡镇推进“城中村”改造—— 让居民深度参与、多得实惠,,2026-07-29 15:04:28,0.034999999999999996,0.35,0.1,0.0,0.2,2026-07-29 15:12:39,2026-07-29,http://finance.eastmoney.com/a/202607293823949972.html
立讯精密,002475,2026-07-28 23:54:00,中国平安领衔！深圳9家企业上榜《财富》世界500强,,2026-07-29 15:04:28,0.005000000000000001,0.1,0.1,0.0,0.1,2026-07-29 15:13:22,2026-07-28,http://finance.eastmoney.com/a/202607283823917943.html
恒力石化,600346,2026-07-28 23:13:00,上半年油价震荡 原油产业链企业业绩分化,,2026-07-29 15:04:28,0.0,0.9,0.3,0.0,0.0,2026-07-29 15:13:58,2026-07-28,http://finance.eastmoney.com/a/202607283823900886.html
苏大维格,300416,2026-07-28 23:13:00,抢抓新兴赛道需求 检测行业迎业绩增长窗口期,,2026-07-29 15:04:28,0.41999999999999993,0.4,0.3,0.1,0.6,2026-07-29 15:14:40,2026-07-28,http://finance.eastmoney.com/a/202607283823898588.html
中国船舶,600150,2026-07-28 23:13:00,向高端化、智能化、绿色化方向迈进 中国造船业持续领航全球,,2026-07-29 15:04:28,1.6,0.8,0.5,0.1,0.7,2026-07-29 15:15:06,2026-07-28,http://finance.eastmoney.com/a/202607283823900933.html
东方盛虹,000301,2026-07-28 23:13:00,上半年油价震荡 原油产业链企业业绩分化,,2026-07-29 15:04:28,0.0,0.5,0.2,0.0,0.0,2026-07-29 15:15:53,2026-07-28,http://finance.eastmoney.com/a/202607283823900886.html
中国石油,601857,2026-07-28 23:13:00,人工智能与能源双向赋能提速 能源智能体重构产业新生态,,2026-07-29 15:04:28,0.7,0.5,0.4,0.1,0.6,2026-07-29 15:16:23,2026-07-28,http://finance.eastmoney.com/a/202607283823901864.html
恒瑞医药,600276,2026-07-28 22:30:37,百利天恒双抗ADC冲击PD-L1阳性三阴乳腺癌一线标准治疗；恒瑞医药口服GLP-1药物计划招募3690人进行慢性肾病Ⅲ期临床研究｜掘金创新药,,2026-07-29 15:04:28,2.4299999999999997,0.9,0.6,0.3,0.6,2026-07-29 15:16:53,2026-07-28,http://finance.eastmoney.com/a/202607283823845840.html
中国石油,601857,2026-07-28 22:07:37,沪市公司2025年年报分红已派发超1万亿元 还有约1200亿元在路上,,2026-07-29 15:04:28,2.025,0.9,0.5,0.2,0.7,2026-07-29 15:17:26,2026-07-28,http://finance.eastmoney.com/a/202607283823843342.html
鼎龙股份,300054,2026-07-28 22:00:00,鼎龙股份：关于更换持续督导保荐代表人的公告,,2026-07-29 15:04:28,0.0,1.0,0.1,0.0,0.0,2026-07-29 15:17:47,2026-07-28,http://finance.eastmoney.com/a/202607283823823364.html
鼎龙股份,300054,2026-07-28 22:00:00,鼎龙股份：公司遵循“需求导向、分步投放”的产能建设原则,,2026-07-29 15:04:28,0.19000000000000003,0.95,0.2,0.0,0.2,2026-07-29 15:18:14,2026-07-28,http://finance.eastmoney.com/a/202607283823823489.html
鼎龙股份,300054,2026-07-28 22:00:00,鼎龙股份：平台化多材料协同布局是公司长期发展积淀形成的核心特色优势,,2026-07-29 15:04:28,1.9593749999999999,0.95,0.55,0.1,0.65,2026-07-29 15:18:40,2026-07-28,http://finance.eastmoney.com/a/202607283823823680.html
鼎龙股份,300054,2026-07-28 21:57:00,鼎龙股份：公司持续加大产品交付推进力度，2026年上半年产品交付规模有望实现明显增长,,2026-07-29 15:04:28,5.0,1.0,0.8,0.6,0.9,2026-07-29 15:19:06,2026-07-28,http://finance.eastmoney.com/a/202607283823822318.html
上海石化,600688,2026-07-28 21:53:07,设计寿命50年，上海石化拿下国内首家核电“国际通行证”,,2026-07-29 15:04:28,4.8999999999999995,1.0,0.7,0.6,0.8,2026-07-29 15:19:33,2026-07-28,http://finance.eastmoney.com/a/202607283823814822.html
君实生物,688180,2026-07-28 21:28:00,新冠进入中流行水平 医院、药店、药企一线真实情况如何,,2026-07-29 15:04:28,1.0,0.8,0.5,0.1,0.4,2026-07-29 15:20:07,2026-07-28,http://finance.eastmoney.com/a/202607283823783420.html
中国石油,601857,2026-07-28 21:23:51,沪市2025年年报分红已派发超万亿 还有1200亿即将落地,,2026-07-29 15:04:28,2.4299999999999997,0.9,0.6,0.2,0.7,2026-07-29 15:20:45,2026-07-28,http://finance.eastmoney.com/a/202607283823777879.html
多氟多,002407,2026-07-28 21:16:00,龙虎榜机构新动向：净买入13股 净卖出21股,,2026-07-29 15:04:28,0.0,0.9,0.6,0.0,0.0,2026-07-29 15:22:09,2026-07-28,http://finance.eastmoney.com/a/202607283823770849.html
君实生物,688180,2026-07-28 21:15:00,君实生物-U大宗交易成交1998.09万元,,2026-07-29 15:04:28,-0.20000000000000004,1.0,0.2,0.0,-0.2,2026-07-29 15:22:42,2026-07-28,http://finance.eastmoney.com/a/202607283823776751.html
新宙邦,300037,2026-07-28 21:15:00,新能赛道景气度高 深市电力设备行业上半年业绩提质增效动能强劲,,2026-07-29 15:04:28,0.9799999999999999,0.7,0.4,0.1,0.6,2026-07-29 15:23:14,2026-07-28,http://finance.eastmoney.com/a/202607283823775040.html
杭州柯林,688611,2026-07-28 21:15:00,杭州柯林大宗交易成交646.80万元,,2026-07-29 15:04:28,0.0,1.0,0.2,0.0,0.0,2026-07-29 15:23:54,2026-07-28,http://finance.eastmoney.com/a/202607283823775185.html
君实生物,688180,2026-07-28 21:15:00,科创板股今日大宗交易成交明细,,2026-07-29 15:04:28,-0.09000000000000001,0.9,0.2,0.0,-0.1,2026-07-29 15:24:28,2026-07-28,http://finance.eastmoney.com/a/202607283823776598.html
中国石油,601857,2026-07-28 21:00:07,沪市2025年年报分红派发已超万亿，还有1200亿“红包”在路上,,2026-07-29 15:04:28,2.9749999999999996,0.85,0.7,0.2,0.8,2026-07-29 15:25:09,2026-07-28,http://finance.eastmoney.com/a/202607283823764263.html
立讯精密,002475,2026-07-28 20:37:00,立讯精密：第六届董事会第二十七次会议决议公告,,2026-07-29 15:04:28,0.0,1.0,0.2,0.0,0.0,2026-07-29 15:25:34,2026-07-28,http://finance.eastmoney.com/a/202607283823756984.html
鼎龙股份,300054,2026-07-28 20:28:05,【调研快报】鼎龙股份接待华泰证券等2家机构调研,,2026-07-29 15:04:28,0.10000000000000002,1.0,0.2,0.0,0.1,2026-07-29 15:26:00,2026-07-28,http://stock.eastmoney.com/a/202607283823726463.html
上海石化,600688,2026-07-28 20:13:03,上海石化管道料获得核电领域“准入证”,,2026-07-29 15:04:28,4.3225,0.95,0.7,0.5,0.8,2026-07-29 15:26:37,2026-07-28,http://finance.eastmoney.com/a/202607283823722611.html
中国石油,601857,2026-07-28 19:57:00,沪市公司去年年报超万亿分红已到账，还有1200亿元在路上,,2026-07-29 15:04:28,2.8,0.8,0.7,0.2,0.8,2026-07-29 15:27:10,2026-07-28,http://finance.eastmoney.com/a/202607283823691973.html
新宙邦,300037,2026-07-28 19:46:00,新宙邦：公司氟冷液产品主要供应半导体芯片制程冷却、数据中心浸没式冷却等领域,,2026-07-29 15:04:28,2.9700000000000006,0.9,0.6,0.4,0.7,2026-07-29 15:27:39,2026-07-28,http://finance.eastmoney.com/a/202607283823710166.html
中国船舶,600150,2026-07-28 19:44:00,中国船舶：公司未对控股股东和实际控制人及其关联人提供担保,,2026-07-29 15:04:28,0.09000000000000001,0.9,0.2,0.0,0.1,2026-07-29 15:28:15,2026-07-28,http://finance.eastmoney.com/a/202607283823707781.html
中国石化,600028,2026-07-28 19:42:32,能源企业500强排名全面下滑: 沙特阿美连续4年“全球最赚钱”纪录被Alphabet终结,,2026-07-29 15:04:28,-0.15,0.5,0.2,0.0,-0.3,2026-07-29 15:28:50,2026-07-28,http://finance.eastmoney.com/a/202607283823681864.html
新宙邦,300037,2026-07-28 19:37:00,新宙邦：公司将持续关注新兴应用场景,,2026-07-29 15:04:28,0.18000000000000002,0.9,0.2,0.0,0.2,2026-07-29 15:29:19,2026-07-28,http://finance.eastmoney.com/a/202607283823696251.html
北京君正,300223,2026-07-28 19:33:00,北京君正：公司计算芯片可面向端侧AI应用的场景,,2026-07-29 15:04:28,1.575,0.9,0.5,0.1,0.6,2026-07-29 15:29:53,2026-07-28,http://finance.eastmoney.com/a/202607283823693618.html
北京君正,300223,2026-07-28 19:31:00,北京君正：目前AI MCU产品尚在推广送样阶段,,2026-07-29 15:04:28,-1.3500000000000003,0.9,0.5,-0.4,-0.2,2026-07-29 15:30:28,2026-07-28,http://finance.eastmoney.com/a/202607283823692775.html
新宙邦,300037,2026-07-28 19:19:29,龙头公司增长动能强劲 深市电力设备板块中期业绩亮眼,,2026-07-29 15:04:28,1.7999999999999998,0.8,0.5,0.2,0.7,2026-07-29 15:30:57,2026-07-28,http://finance.eastmoney.com/a/202607283823641873.html
沃森生物,300142,2026-07-28 19:12:00,沃森生物：公司2026年度向特定对象发行A股股票的各项工作目前在按计划持续推进中,,2026-07-29 15:04:28,0.4000000000000001,1.0,0.4,0.0,0.2,2026-07-29 15:31:34,2026-07-28,http://finance.eastmoney.com/a/202607283823662363.html
立讯精密,002475,2026-07-28 19:08:03,2026《财富》世界500强发布：深圳9家企业上榜，4家跻身全球百强,,2026-07-29 15:04:28,0.16000000000000003,0.4,0.2,0.0,0.4,2026-07-29 15:32:19,2026-07-28,http://finance.eastmoney.com/a/202607283823642530.html
贝达药业,300558,2026-07-28 19:07:00,贝达药业：公司始终以开放的态度关注包括ADC在内的前沿技术方向,,2026-07-29 15:04:28,0.5625,0.9,0.25,0.1,0.4,2026-07-29 15:32:52,2026-07-28,http://finance.eastmoney.com/a/202607283823655434.html
苏大维格,300416,2026-07-28 18:33:00,QFII持仓股出炉 多只个股上半年业绩向好,,2026-07-29 15:04:28,0.14,0.2,0.2,0.1,0.6,2026-07-29 15:33:45,2026-07-28,http://finance.eastmoney.com/a/202607283823615136.html
多氟多,002407,2026-07-28 17:18:43,7月28日龙虎榜机构席位买卖详情,,2026-07-29 15:04:28,0.0,1.0,0.6,0.0,0.0,2026-07-29 15:34:47,2026-07-28,http://finance.eastmoney.com/a/202607283823570412.html
多氟多,002407,2026-07-28 17:12:00,7月28日龙虎榜净卖出额前10个股,,2026-07-29 15:04:28,-3.2400000000000007,0.9,0.6,-0.4,-0.8,2026-07-29 15:35:23,2026-07-28,http://finance.eastmoney.com/a/202607283823568297.html
恒瑞医药,600276,2026-07-28 17:05:56,市场规模超6亿元，儿童近视赛道又迎厂商布局！齐鲁制药产品上市申请获受理,,2026-07-29 15:04:28,-0.42000000000000004,0.7,0.4,0.1,-0.4,2026-07-29 15:36:13,2026-07-28,http://finance.eastmoney.com/a/202607283823719557.html
恒瑞医药,600276,2026-07-28 17:03:20,花旗集团在恒瑞医药H股的持股比例于7月22日从4.97%升至5.16%,,2026-07-29 15:04:28,3.5999999999999996,1.0,0.6,0.5,0.7,2026-07-29 15:36:39,2026-07-28,http://finance.eastmoney.com/a/202607283823558437.html
中科信息,300678,2026-07-28 17:01:28,【每日热点】多重利好！脑机接口板块再度走强,,2026-07-29 15:04:28,1.125,0.5,0.5,0.1,0.8,2026-07-29 15:37:15,2026-07-28,http://finance.eastmoney.com/a/202607283823577157.html
上海石化,600688,2026-07-28 16:49:29,国内首家！上海石化管道料获核电领域认证,,2026-07-29 15:04:28,4.095000000000001,0.9,0.7,0.5,0.8,2026-07-29 15:37:38,2026-07-28,http://finance.eastmoney.com/a/202607283823547621.html
立讯精密,002475,2026-07-28 16:36:00,铜缆高速连接概念下跌5.10%，主力资金净流出35股,,2026-07-29 15:04:28,-3.12,0.8,0.6,-0.5,-0.8,2026-07-29 15:38:11,2026-07-28,http://finance.eastmoney.com/a/202607283823543289.html
多氟多,002407,2026-07-28 16:26:22,多氟多(002407)龙虎榜数据(07-28),,2026-07-29 15:04:28,0.0,1.0,0.6,0.0,0.0,2026-07-29 15:38:52,2026-07-28,http://stock.eastmoney.com/a/202607283823514692.html
恒瑞医药,600276,2026-07-28 15:42:57,恒瑞医药在浙江成立新公司 注册资本5000万元,,2026-07-29 15:04:28,0.75,1.0,0.3,0.1,0.4,2026-07-29 15:39:23,2026-07-28,http://finance.eastmoney.com/a/202607283823493058.html
恒瑞医药,600276,2026-07-28 15:36:00,恒瑞医药在浙江成立新公司 注册资本5000万,,2026-07-29 15:04:28,0.38000000000000006,0.95,0.2,0.0,0.4,2026-07-29 15:39:58,2026-07-28,http://finance.eastmoney.com/a/202607283823485913.html
杭州柯林,688611,2026-07-28 13:35:00,告别PPT时代，消费场景加速落地，具身智能迎来“洗牌”,,2026-07-29 15:04:28,0.010000000000000002,0.2,0.1,0.0,0.1,2026-07-29 15:40:44,2026-07-28,http://finance.eastmoney.com/a/202607283823379873.html
多氟多,002407,2026-07-28 13:05:00,钠离子电池即将迈入大规模生产阶段 12只概念股预计净利润增速较高,,2026-07-29 15:04:28,3.15,0.9,0.7,0.2,0.8,2026-07-29 15:41:13,2026-07-28,http://finance.eastmoney.com/a/202607283823335751.html
北京君正,300223,2026-07-28 12:18:00,全球芯片股大跌！昨天“肉签”，今天30CM跌停,,2026-07-29 15:04:28,-3.9199999999999995,0.8,0.7,-0.5,-0.9,2026-07-29 15:42:06,2026-07-28,http://finance.eastmoney.com/a/202607283823309888.html
中国船舶,600150,2026-07-28 11:25:53,新财观 | 新型能源体系中的LNG价值跃迁——中国LNG行业20年发展回顾与展望,,2026-07-29 15:04:28,0.44999999999999996,0.5,0.3,0.0,0.6,2026-07-29 15:42:47,2026-07-28,http://finance.eastmoney.com/a/202607283823298830.html
北京君正,300223,2026-07-28 10:43:59,半导体芯片股震荡走低,,2026-07-29 15:04:28,-1.62,0.9,0.6,0.0,-0.6,2026-07-29 15:43:17,2026-07-28,http://finance.eastmoney.com/a/202607283823261454.html
北京君正,300223,2026-07-28 10:36:00,CPO、存储芯片大跌！2700亿市值巨头，跌停,,2026-07-29 15:04:28,-5.0,0.9,0.8,-0.5,-0.9,2026-07-29 15:43:58,2026-07-28,http://finance.eastmoney.com/a/202607283823245679.html
唐源电气,300789,2026-07-28 09:43:00,12只股即将分红 抢权行情能否开启？,,2026-07-29 15:04:28,1.35,0.9,0.5,0.1,0.5,2026-07-29 15:44:35,2026-07-28,http://finance.eastmoney.com/a/202607283823159329.html
中科信息,300678,2026-07-28 08:43:39,纳斯达克中国金龙指数涨2.51%；商业航天重磅利好，全国多地争相布局，发射场基建大战正式打响；中国残联负责人介绍脑机接口等“十五五”科技助残情况——《投资早参》,,2026-07-29 15:04:28,3.3600000000000003,0.8,0.7,0.4,0.8,2026-07-29 15:45:11,2026-07-28,http://finance.eastmoney.com/a/202607283822766262.html
石药创新,300765,2026-07-28 08:20:52,7月28日早间新闻精选,,2026-07-29 15:04:28,0.0,0.0,0.0,0.0,0.0,2026-07-29 15:45:49,2026-07-28,http://finance.eastmoney.com/a/202607283822761556.html
石药创新,300765,2026-07-28 08:11:17,半年度业绩预告盘点丨1791家上市公司已披露 521家预计净利润超亿元,,2026-07-29 15:04:28,0.020000000000000004,0.1,0.1,0.0,0.4,2026-07-29 15:46:35,2026-07-28,http://finance.eastmoney.com/a/202607283822755865.html
石药创新,300765,2026-07-28 08:00:43,毒性中药材销售乱象被曝光；疾病预防控制“十五五”规划发布,,2026-07-29 15:04:28,0.08000000000000002,0.4,0.2,0.0,0.2,2026-07-29 15:47:34,2026-07-28,http://finance.eastmoney.com/a/202607283822755792.html
迈克生物,300463,2026-07-28 08:00:43,毒性中药材销售乱象被曝光；疾病预防控制“十五五”规划发布,,2026-07-29 15:04:28,0.6,0.5,0.4,0.1,0.5,2026-07-29 15:48:21,2026-07-28,http://finance.eastmoney.com/a/202607283822755792.html
中国船舶,600150,2026-07-28 06:10:00,工期排到2029年后！一颗“超级心脏” 造就中国“船”说,,2026-07-29 15:04:28,5.0,1.0,0.8,0.5,0.9,2026-07-29 15:48:55,2026-07-28,http://finance.eastmoney.com/a/202607283822533512.html
中国石化,600028,2026-07-28 05:48:57,上半年中央企业实现利润总额1.4万亿元,,2026-07-29 15:04:28,0.9799999999999999,0.7,0.4,0.1,0.6,2026-07-29 15:49:24,2026-07-28,http://finance.eastmoney.com/a/202607283822524097.html
高新兴,300098,2026-07-28 04:02:52,工信部：深入推进“车路云一体化”生产准入和通行试点,,2026-07-29 15:04:28,4.75,0.95,0.8,0.4,0.85,2026-07-29 15:50:05,2026-07-28,http://finance.eastmoney.com/a/202607283822506776.html
德赛西威,002920,2026-07-28 04:02:52,工信部：深入推进“车路云一体化”生产准入和通行试点,,2026-07-29 15:04:28,3.7800000000000007,0.9,0.7,0.4,0.8,2026-07-29 15:50:38,2026-07-28,http://finance.eastmoney.com/a/202607283822506776.html
中国石化,600028,2026-07-28 01:53:58,国际原油价格回落 能化商品迎弱势行情,,2026-07-29 15:04:28,-0.8100000000000002,0.9,0.6,0.1,-0.4,2026-07-29 15:51:18,2026-07-28,http://finance.eastmoney.com/a/202607283822503571.html
石药创新,300765,2026-07-28 00:11:00,A股市场再传利好：多家公司披露股份回购计划 业绩高增、分红方案密集出炉,,2026-07-29 15:04:28,0.05000000000000001,0.2,0.1,0.0,0.5,2026-07-29 15:51:53,2026-07-28,http://finance.eastmoney.com/a/202607273822400269.html
中国石化,600028,2026-07-27 21:58:08,130项！央企人工智能战略性高价值场景等系列成果发布,,2026-07-29 15:04:28,0.72,0.6,0.4,0.1,0.5,2026-07-29 15:52:26,2026-07-27,http://finance.eastmoney.com/a/202607273822411669.html
中国船舶,600150,2026-07-27 21:58:08,130项！央企人工智能战略性高价值场景等系列成果发布,,2026-07-29 15:04:28,0.36,0.4,0.3,0.1,0.5,2026-07-29 15:53:05,2026-07-27,http://finance.eastmoney.com/a/202607273822411669.html
唐源电气,300789,2026-07-27 21:00:00,唐源电气：关于购买董事、高级管理人员责任险的公告,,2026-07-29 15:04:28,0.05000000000000001,1.0,0.1,0.0,0.1,2026-07-29 15:53:33,2026-07-27,http://finance.eastmoney.com/a/202607273822352046.html
东方盛虹,000301,2026-07-27 20:57:00,东方盛虹：2026年第四次临时股东会决议公告,,2026-07-29 15:04:28,0.0,1.0,0.1,0.0,0.0,2026-07-29 15:54:00,2026-07-27,http://finance.eastmoney.com/a/202607273822342364.html
东方盛虹,000301,2026-07-27 20:57:00,东方盛虹：第十届董事会第七次会议决议公告,,2026-07-29 15:04:28,0.0,1.0,0.2,0.0,0.0,2026-07-29 15:54:26,2026-07-27,http://finance.eastmoney.com/a/202607273822342453.html
苏大维格,300416,2026-07-27 20:16:55,外资巨头积极加仓A股！QFII最爱这条主线！,,2026-07-29 15:04:28,0.020000000000000004,0.1,0.1,0.0,0.4,2026-07-29 15:55:04,2026-07-27,http://finance.eastmoney.com/a/202607273822316791.html
电连技术,300679,2026-07-27 19:25:00,电连技术：截至2026年7月20日公司股东户数为27953户,,2026-07-29 15:04:28,0.0,1.0,0.2,0.0,0.0,2026-07-29 15:55:33,2026-07-27,http://finance.eastmoney.com/a/202607273822291432.html
时代电气,600458,2026-07-27 19:17:00,综合行业7月27日资金流向日报,,2026-07-29 15:04:28,0.0,0.2,0.1,0.0,0.0,2026-07-29 15:56:11,2026-07-27,http://finance.eastmoney.com/a/202607273822272796.html
中国石化,600028,2026-07-27 17:58:34,兰州石化上半年外排口水量创历史新低,,2026-07-29 15:04:28,,,,,,,2026-07-27,http://finance.eastmoney.com/a/202607273822441170.html
电连技术,300679,2026-07-27 17:19:00,电连技术：公司射频连接器技术能力与应用场景可覆盖卫星通信、商业航天等多个领域,,2026-07-29 15:04:28,3.241874999999999,0.95,0.65,0.35,0.7,2026-07-29 16:01:46,2026-07-27,http://finance.eastmoney.com/a/202607273822199175.html
杰美特,002885,2026-07-27 17:10:00,京泉华：公司目前整体生产经营正常,,2026-07-29 15:04:28,0.10000000000000002,1.0,0.2,0.0,0.1,2026-07-29 16:03:10,2026-07-27,http://finance.eastmoney.com/a/202607273822195266.html
电连技术,300679,2026-07-27 16:34:00,电连技术：公司相关产品可应用于传感器配置较高的人形机器人领域,,2026-07-29 15:04:28,4.275,0.95,0.75,0.4,0.8,2026-07-29 16:03:41,2026-07-27,http://finance.eastmoney.com/a/202607273822162896.html
电连技术,300679,2026-07-27 16:34:00,电连技术：公司高速线缆连接组件产品种类齐全,,2026-07-29 15:04:28,1.14,0.95,0.4,0.1,0.5,2026-07-29 16:04:07,2026-07-27,http://finance.eastmoney.com/a/202607273822164230.html
翰宇药业,300199,2026-07-27 16:24:00,辅助生殖概念涨4.35%，主力资金净流入这些股,,2026-07-29 15:04:28,1.9199999999999997,0.8,0.6,0.1,0.7,2026-07-29 16:04:40,2026-07-27,http://finance.eastmoney.com/a/202607273822130239.html
安科生物,300009,2026-07-27 16:20:18,【明日主题前瞻】AI技术作为医药产业底层基建的价值正在重估,,2026-07-29 15:04:28,0.36,0.4,0.3,0.1,0.5,2026-07-29 16:05:12,2026-07-27,http://finance.eastmoney.com/a/202607273822115911.html
泰格医药,300347,2026-07-27 16:20:18,【明日主题前瞻】AI技术作为医药产业底层基建的价值正在重估,,2026-07-29 15:04:28,0.8000000000000002,0.5,0.4,0.2,0.6,2026-07-29 16:05:44,2026-07-27,http://finance.eastmoney.com/a/202607273822115911.html
迈克生物,300463,2026-07-27 16:19:00,迈克生物与生物梅里埃达成战略合作,,2026-07-29 15:04:28,4.2,1.0,0.7,0.4,0.8,2026-07-29 16:06:16,2026-07-27,http://finance.eastmoney.com/a/202607273822115831.html
电连技术,300679,2026-07-27 16:02:00,电连技术：公司目前在机器人及AI服务器领域整体营收占比较小,,2026-07-29 15:04:28,-2.0250000000000004,0.9,0.5,-0.4,-0.5,2026-07-29 16:06:48,2026-07-27,http://finance.eastmoney.com/a/202607273822130686.html
杰美特,002885,2026-07-27 16:02:00,京泉华：公司后续若收到股东减持相关信息将及时履行信息披露义务,,2026-07-29 15:04:28,-0.05000000000000001,1.0,0.1,0.0,-0.1,2026-07-29 16:08:41,2026-07-27,http://finance.eastmoney.com/a/202607273822130883.html
泰格医药,300347,2026-07-27 11:55:46,政策利好+产业高景气！CRO集体走强 融资客最新抢筹15股,,2026-07-29 15:04:28,5.0,0.95,0.85,0.5,0.9,2026-07-29 16:09:13,2026-07-27,http://finance.eastmoney.com/a/202607273821881570.html
药石科技,300725,2026-07-27 11:55:46,政策利好+产业高景气！CRO集体走强 融资客最新抢筹15股,,2026-07-29 15:04:28,3.7800000000000007,0.9,0.7,0.4,0.8,2026-07-29 16:09:49,2026-07-27,http://finance.eastmoney.com/a/202607273821881570.html
时代电气,600458,2026-07-27 11:07:00,法狮龙等连续5日或5日以上获主力资金净买入,,2026-07-29 15:04:28,,,,,,,2026-07-27,http://finance.eastmoney.com/a/202607273821862941.html
万华化学,600309,2026-07-27 08:59:43,基金忠言｜万华化学景气度反转，中欧周蔚文持续重仓,,2026-07-29 15:04:28,5.0,1.0,0.8,0.5,0.8,2026-07-29 16:15:19,2026-07-27,http://finance.eastmoney.com/a/202607273821343887.html
中科信息,300678,2026-07-27 08:10:17,美国商业航天迎来近二十年来规模最大的监管改革，以大幅加快卫星部署审批速度；美“星舰”完成第13次试飞，成功发射20颗新一代“星链”卫星；脑机接口迎重大突破，可帮助患者恢复视力——《投资早参》,,2026-07-29 15:04:28,0.27,0.3,0.3,0.1,0.5,2026-07-29 16:16:31,2026-07-27,http://finance.eastmoney.com/a/202607273821336085.html
共达电声,002655,2026-07-27 07:33:00,主动基金“独门重仓股”数量减少,,2026-07-29 15:04:28,-0.010000000000000002,0.2,0.1,0.0,-0.1,2026-07-29 16:17:09,2026-07-27,http://finance.eastmoney.com/a/202607273821335881.html
杭州柯林,688611,2026-07-27 07:33:00,主动基金“独门重仓股”数量减少,,2026-07-29 15:04:28,-0.06,0.3,0.2,0.0,-0.2,2026-07-29 16:17:57,2026-07-27,http://finance.eastmoney.com/a/202607273821335881.html
杭州柯林,688611,2026-07-27 00:50:00,基金独门重仓股大揭秘,,2026-07-29 15:04:28,1.8000000000000003,0.9,0.5,0.2,0.6,2026-07-29 16:18:30,2026-07-27,http://finance.eastmoney.com/a/202607263821243338.html
共达电声,002655,2026-07-27 00:50:00,基金独门重仓股大揭秘,,2026-07-29 15:04:28,1.12,0.8,0.4,0.1,0.6,2026-07-29 16:19:07,2026-07-27,http://finance.eastmoney.com/a/202607263821243338.html
东方盛虹,000301,2026-07-26 16:00:03,东方盛虹：将于2026年07月27日召开2026年第四次临时股东大会,,2026-07-29 15:04:28,0.0,1.0,0.1,0.0,0.0,2026-07-29 16:19:33,2026-07-26,http://stock.eastmoney.com/a/202607263821223234.html
苏大维格,300416,2026-07-24 21:36:00,苏试试验：热真空试验系统订单趋势良好,,2026-07-29 15:04:28,,,,,,,2026-07-24,http://finance.eastmoney.com/a/202607243820785049.html
欧菲光,002456,2026-07-24 21:34:00,欧菲光：关于选举公司非独立董事的公告,,2026-07-29 15:04:28,,,,,,,2026-07-24,http://finance.eastmoney.com/a/202607243820780318.html
顺络电子,002138,2026-07-24 21:16:00,顺络电子：关于董事长部分股份解除质押的公告,,2026-07-29 15:04:28,,,,,,,2026-07-24,http://finance.eastmoney.com/a/202607243820747760.html
共达电声,002655,2026-07-24 21:08:00,共达电声：2026年第二次临时股东会决议公告,,2026-07-29 15:04:28,,,,,,,2026-07-24,http://finance.eastmoney.com/a/202607243820740224.html
沃森生物,300142,2026-07-24 20:33:00,沃森生物：子公司双价HPV疫苗于近日收到坦桑尼亚药品和医疗器械管理局签发的《药品注册证书》,,2026-07-29 15:04:28,,,,,,,2026-07-24,http://finance.eastmoney.com/a/202607243820709896.html
康龙化成,300759,2026-07-24 20:32:00,康龙化成：第四届董事会第二次会议决议公告,,2026-07-29 15:04:28,,,,,,,2026-07-24,http://finance.eastmoney.com/a/202607243820708115.html
德赛西威,002920,2026-07-24 20:09:00,德赛西威：公司生产经营情况一切正常,,2026-07-29 15:04:28,,,,,,,2026-07-24,http://finance.eastmoney.com/a/202607243820685328.html
朝阳科技,300893,2026-07-24 19:49:00,松原安全：公司始终高度重视市值管理工作,,2026-07-29 15:04:28,,,,,,,2026-07-24,http://finance.eastmoney.com/a/202607243820669132.html
顺络电子,002138,2026-07-24 18:05:00,顺络电子：董事长袁金钰解押580万股，累计质押超五成持股,,2026-07-29 15:04:28,,,,,,,2026-07-24,http://finance.eastmoney.com/a/202607243820598639.html
顺络电子,002138,2026-07-24 17:57:00,顺络电子：董事长袁金钰解除质押580.00万股,,2026-07-29 15:04:28,,,,,,,2026-07-24,http://finance.eastmoney.com/a/202607243820577681.html
思维列控,603508,2026-07-24 17:41:38,赵建州减持思维列控0.91％股份，持股降至10.49％,,2026-07-29 15:04:28,,,,,,,2026-07-24,http://finance.eastmoney.com/a/202607243820604629.html
格林美,002340,2026-07-24 16:44:00,金属钴概念下跌4.27%，6股主力资金净流出超亿元,,2026-07-29 15:04:28,,,,,,,2026-07-24,http://finance.eastmoney.com/a/202607243820500436.html
万华化学,600309,2026-07-24 14:58:19,独家专访卡塔尔工商会董事会主席谢赫·哈利法：加码中国，不是短期“风口追逐”，而是投资中国的未来,,2026-07-29 15:04:28,,,,,,,2026-07-24,http://finance.eastmoney.com/a/202607243820421633.html
东方盛虹,000301,2026-07-24 14:58:19,独家专访卡塔尔工商会董事会主席谢赫·哈利法：加码中国，不是短期“风口追逐”，而是投资中国的未来,,2026-07-29 15:04:28,,,,,,,2026-07-24,http://finance.eastmoney.com/a/202607243820421633.html
中国船舶,600150,2026-07-24 13:46:51,中国工程院院士陆建勋逝世 享年97岁,,2026-07-24 14:22:02,,,,,,,2026-07-24,http://finance.eastmoney.com/a/202607243820321771.html
新宙邦,300037,2026-07-24 11:43:14,氟化工逆势活跃！制冷剂+算力需求驱动景气上行 7股业绩有望倍增(名单),,2026-07-24 14:22:02,,,,,,,2026-07-24,http://finance.eastmoney.com/a/202607243820244732.html
高新兴,300098,2026-07-24 10:46:00,高新兴中标信阳电动车“一车一码”登记管理平台项目,,2026-07-29 15:04:28,,,,,,,2026-07-24,http://finance.eastmoney.com/a/202607243820184187.html
高新兴,300098,2026-07-24 10:46:00,高新兴中标信阳电动车“一车一码”登记管理平台项目,,2026-07-24 14:22:02,,,,,,,2026-07-24,http://finance.eastmoney.com/a/202607243820184187.html
康龙化成,300759,2026-07-24 10:39:00,医药板块暴力反弹：两位“医药女神”左手减持 右手加仓,,2026-07-24 14:22:02,,,,,,,2026-07-24,http://finance.eastmoney.com/a/202607243820176014.html
泰格医药,300347,2026-07-24 10:39:00,医药板块暴力反弹：两位“医药女神”左手减持 右手加仓,,2026-07-24 14:22:02,,,,,,,2026-07-24,http://finance.eastmoney.com/a/202607243820176014.html
康龙化成,300759,2026-07-24 10:39:00,医药板块暴力反弹：两位“医药女神”左手减持 右手加仓,,2026-07-29 15:04:28,,,,,,,2026-07-24,http://finance.eastmoney.com/a/202607243820176014.html
泰格医药,300347,2026-07-24 10:39:00,医药板块暴力反弹：两位“医药女神”左手减持 右手加仓,,2026-07-29 15:04:28,,,,,,,2026-07-24,http://finance.eastmoney.com/a/202607243820176014.html
立讯精密,2475,2026-07-24 10:00:18,掘金299份粤企中报业绩预告：高增长之下哪十家公司最赚钱？,,2026-07-24 14:22:02,,,,,,,2026-07-24,http://finance.eastmoney.com/a/202607243820048670.html
恒瑞医药,600276,2026-07-24 09:51:33,资金风向标 | 23日两融余额较上日减少94.62亿元 赤峰黄金获融资净买入居首,,2026-07-24 14:22:02,,,,,,,2026-07-24,http://finance.eastmoney.com/a/202607243820006667.html
多氟多,2407,2026-07-24 09:46:00,氟化工概念股走强 凯恩股份涨停,,2026-07-24 14:22:02,,,,,,,2026-07-24,http://finance.eastmoney.com/a/202607243819975169.html
恒瑞医药,600276,2026-07-24 09:28:00,20股获融资净买入额超1亿元 赤峰黄金居首,,2026-07-24 14:22:02,,,,,,,2026-07-24,http://finance.eastmoney.com/a/202607243819885146.html
恒瑞医药,600276,2026-07-24 09:14:00,杠杆资金大手笔加仓股名单,,2026-07-24 14:22:02,,,,,,,2026-07-24,http://finance.eastmoney.com/a/202607243819824874.html
恒瑞医药,600276,2026-07-24 09:11:14,多重逻辑重塑 中国医药产业迈入“战略相持”关键期,,2026-07-24 09:16:14,0.075,0.5,0.3,0.0,0.1,2026-07-24 09:20:56,2026-07-24,
苏大维格,300416,2026-07-24 08:51:14,苏试试验(300416.SZ)：2026年中报净利润为1.29亿元,,2026-07-24 09:16:14,3.6,1.0,0.8,0.3,0.6,2026-07-24 09:22:27,2026-07-24,
苏大维格,300416,2026-07-24 08:51:05,机构风向标 | 苏试试验(300416)2026年二季度已披露持仓机构仅9家,,2026-07-24 09:16:14,-1.05,1.0,0.3,-0.3,-0.4,2026-07-24 09:23:41,2026-07-24,
苏大维格,300416,2026-07-24 08:50:38,苏试试验(300416.SZ)：2026年中报净利润为1.29亿元、同比较去年同期上涨10.37%,,2026-07-24 14:22:02,,,,,,,2026-07-24,http://finance.eastmoney.com/a/202607243819681122.html
歌尔股份,2241,2026-07-24 08:25:00,“低成本出海”到“融进去”：中企如何应对越南投资“高门槛”？,,2026-07-24 09:16:14,-0.16,0.8,0.4,0.1,-0.2,2026-07-24 09:29:19,2026-07-24,
歌尔股份,002241,2026-07-24 08:25:00,“低成本出海”到“融进去”：中企如何应对越南投资“高门槛”？,,2026-07-29 15:04:28,,,,,,,2026-07-24,http://finance.eastmoney.com/a/202607243819402491.html
恒瑞医药,600276,2026-07-24 08:04:39,7月24日每日研选丨创新药BD频传捷报 投资主线如何把握？,,2026-07-24 09:16:14,1.6,0.8,0.5,0.1,0.7,2026-07-24 09:29:56,2026-07-24,
中国船舶,600150,2026-07-24 07:28:03,上半年我国造船三大指标全面增长,,2026-07-24 09:16:14,3.15,0.9,0.7,0.2,0.8,2026-07-24 09:30:23,2026-07-24,
新宙邦,300037,2026-07-24 07:27:00,碳酸亚乙烯酯（VC）近一周价格上涨超21%,,2026-07-24 09:16:14,5.0,0.9,0.8,0.6,0.8,2026-07-24 09:30:53,2026-07-24,
时代电气,600458,2026-07-24 07:22:20,二季度以来融资净买入居前的海上风电概念股一览,,2026-07-29 15:04:28,,,,,,,2026-07-24,http://finance.eastmoney.com/a/202607243819406840.html
时代电气,600458,2026-07-24 07:22:20,二季度以来融资净买入居前的海上风电概念股一览,,2026-07-24 09:16:14,1.7999999999999998,0.9,0.5,0.1,0.7,2026-07-24 09:31:39,2026-07-24,
中国石油,601857,2026-07-24 07:11:21,可再生能源“扩量提质”催生新风口 传统能源企业布局打造第二增长极,,2026-07-24 09:16:14,2.04,0.85,0.6,0.1,0.7,2026-07-24 09:32:04,2026-07-24,
恒瑞医药,600276,2026-07-24 07:10:22,“猴荒”折射医药产业路径依赖 源头创新亟待跨越,,2026-07-24 09:16:14,-0.32,0.8,0.4,0.0,-0.2,2026-07-24 09:32:42,2026-07-24,
立讯精密,2475,2026-07-24 06:58:16,早班车｜美国新关税措施24日生效；咖啡可可价格冲击利润，雀巢股价大跌,,2026-07-24 14:22:02,,,,,,,2026-07-24,http://finance.eastmoney.com/a/202607243820155487.html
中国石油,601857,2026-07-24 05:56:02,全链条绿色低碳乙烯工程试车成功——戈壁滩上建起零碳石化工厂,,2026-07-24 09:16:14,2.49375,0.95,0.5,0.3,0.75,2026-07-24 09:34:00,2026-07-24,
中国船舶,600150,2026-07-24 05:56:02,手持世界七成订单 中国船厂产能拉满（经济聚焦·中国品牌圈粉海外）,,2026-07-24 09:16:14,4.680000000000001,0.9,0.8,0.4,0.9,2026-07-24 09:33:13,2026-07-24,
时代电气,600458,2026-07-24 02:43:27,海上风电步入高质量增长期 融资资金重点加仓9只概念股,,2026-07-29 15:04:28,,,,,,,2026-07-24,http://finance.eastmoney.com/a/202607243819363867.html
时代电气,600458,2026-07-24 02:43:27,海上风电步入高质量增长期 融资资金重点加仓9只概念股,,2026-07-24 09:16:14,1.4,0.8,0.5,0.1,0.6,2026-07-24 09:34:42,2026-07-24,
立讯精密,2475,2026-07-24 02:43:21,多家科技龙头公司出手回购 助力资本市场平稳健康运行,,2026-07-24 09:16:14,1.7999999999999996,0.75,0.6,0.1,0.7,2026-07-24 09:35:19,2026-07-24,
恒力石化,600346,2026-07-24 00:20:48,炼化龙头领跑 化工行业盈利修复,,2026-07-29 15:04:28,,,,,,,2026-07-24,http://finance.eastmoney.com/a/202607243819363182.html
恒力石化,600346,2026-07-24 00:20:48,炼化龙头领跑 化工行业盈利修复,,2026-07-24 09:16:14,3.99,0.95,0.7,0.4,0.8,2026-07-24 09:35:43,2026-07-24,
万华化学,600309,2026-07-24 00:20:48,炼化龙头领跑 化工行业盈利修复,,2026-07-29 15:04:28,,,,,,,2026-07-24,http://finance.eastmoney.com/a/202607243819363182.html
万华化学,600309,2026-07-24 00:20:48,炼化龙头领跑 化工行业盈利修复,,2026-07-24 09:16:14,2.4,0.8,0.6,0.3,0.7,2026-07-24 09:36:44,2026-07-24,
东方盛虹,301,2026-07-24 00:20:48,炼化龙头领跑 化工行业盈利修复,,2026-07-24 09:16:14,3.7800000000000007,0.9,0.7,0.4,0.8,2026-07-24 09:36:11,2026-07-24,
万华化学,600309,2026-07-23 22:36:17,主力资金连续5日净流入85股,,2026-07-24 09:16:14,0.8399999999999999,0.6,0.4,0.1,0.6,2026-07-24 09:37:45,2026-07-23,
万华化学,600309,2026-07-23 22:36:17,主力资金连续5日净流入85股,,2026-07-29 15:04:28,,,,,,,2026-07-23,http://finance.eastmoney.com/a/202607233819291235.html
苏大维格,300416,2026-07-23 22:09:16,7月23日晚间重要公告集锦,,2026-07-24 09:16:14,0.0,0.1,0.1,0.0,0.0,2026-07-24 09:38:59,2026-07-23,
沃森生物,300142,2026-07-23 21:51:00,沃森生物：关于公司注册债务融资工具储架发行资格并择机发行的公告,,2026-07-29 15:04:28,,,,,,,2026-07-23,http://finance.eastmoney.com/a/202607233819276045.html
沃森生物,300142,2026-07-23 21:51:00,沃森生物：关于公司注册债务融资工具储架发行资格并择机发行的公告,,2026-07-24 09:16:14,0.6,1.0,0.3,0.1,0.3,2026-07-24 09:39:29,2026-07-23,
苏大维格,300416,2026-07-23 21:50:00,苏试试验：关于取得发明专利证书的公告,,2026-07-24 09:16:14,0.5,1.0,0.2,0.1,0.4,2026-07-24 09:40:33,2026-07-23,
共达电声,002655,2026-07-23 21:27:14,A股超硬材料，业绩冰火两重天,,2026-07-29 15:04:28,,,,,,,2026-07-23,http://finance.eastmoney.com/a/202607233819232194.html
共达电声,2655,2026-07-23 21:27:14,A股超硬材料，业绩冰火两重天,,2026-07-24 08:56:22,0.0,0.1,0.1,0.0,0.0,2026-07-24 08:56:59,2026-07-23,
鼎龙股份,300054,2026-07-23 21:19:00,鼎龙股份：公司控股子公司鼎泽新材料专注半导体CMP抛光液研发及产业化,,2026-07-24 09:16:14,2.7,1.0,0.6,0.2,0.7,2026-07-24 09:42:08,2026-07-23,
鼎龙股份,300054,2026-07-23 21:19:00,鼎龙股份：公司潜江二期年产300吨KrF/ArF光刻胶项目为国内首条实现“有机合成—高分子合成—精制纯化—光刻胶混配”全流程自主制备的高端光刻胶量产产线,,2026-07-24 09:16:14,5.0,1.0,0.8,0.6,0.9,2026-07-24 09:41:34,2026-07-23,
鼎龙股份,300054,2026-07-23 21:18:00,鼎龙股份：公司计划于潜江园区投资建设第三条软抛光垫生产线,,2026-07-24 09:16:14,3.0,1.0,0.6,0.3,0.7,2026-07-24 09:42:41,2026-07-23,
中国石化,600028,2026-07-23 21:06:12,广西石油燃料加工业上半年暴涨超4成,,2026-07-24 09:16:14,1.2,0.5,0.4,0.5,0.7,2026-07-24 09:43:55,2026-07-23,
中国石油,601857,2026-07-23 21:06:12,广西石油燃料加工业上半年暴涨超4成,,2026-07-24 09:16:14,0.28,0.4,0.2,0.1,0.6,2026-07-24 09:43:22,2026-07-23,
沃森生物,300142,2026-07-23 21:02:00,沃森生物：公司将于2026年8月12日召开2026年第三次临时股东会,,2026-07-24 09:16:14,0.0,1.0,0.1,0.0,0.0,2026-07-24 09:45:06,2026-07-23,
沃森生物,300142,2026-07-23 21:02:00,沃森生物：关于公司独立董事任期届满离任暨增补第六届董事会独立董事的公告,,2026-07-29 15:04:28,,,,,,,2026-07-23,http://finance.eastmoney.com/a/202607233819234813.html
沃森生物,300142,2026-07-23 21:02:00,沃森生物：关于公司独立董事任期届满离任暨增补第六届董事会独立董事的公告,,2026-07-24 09:16:14,0.0,1.0,0.1,0.0,0.0,2026-07-24 09:44:17,2026-07-23,
沃森生物,300142,2026-07-23 21:02:00,沃森生物：第六届董事会第六次会议决议公告,,2026-07-24 09:16:14,0.0,1.0,0.1,0.0,0.0,2026-07-24 09:44:38,2026-07-23,
沃森生物,300142,2026-07-23 20:57:00,沃森生物：关于子公司收到双价HPV疫苗坦桑尼亚药品注册证书的公告,,2026-07-24 09:16:14,2.0,1.0,0.5,0.2,0.6,2026-07-24 09:45:42,2026-07-23,
立讯精密,2475,2026-07-23 20:42:00,涨幅第一，资金大幅涌入,,2026-07-24 09:16:14,5.0,0.95,0.85,0.6,0.9,2026-07-24 09:46:09,2026-07-23,
鼎龙股份,300054,2026-07-23 20:41:43,【调研快报】鼎龙股份接待嘉实新加坡等15家机构调研,,2026-07-24 09:16:14,1.75,1.0,0.5,0.1,0.6,2026-07-24 09:46:38,2026-07-23,
恒瑞医药,600276,2026-07-23 20:33:00,恒瑞医药：注射用卡瑞利珠单抗联合苹果酸法米替尼胶囊获得药品注册证书,,2026-07-24 09:16:14,4.4,1.0,0.8,0.3,0.8,2026-07-24 09:47:13,2026-07-23,
欧菲光,002456,2026-07-23 20:28:00,欧菲光：关于公司股东部分股份解除质押的公告,,2026-07-29 15:04:28,,,,,,,2026-07-23,http://finance.eastmoney.com/a/202607233819180182.html
欧菲光,2456,2026-07-23 20:28:00,欧菲光：关于公司股东部分股份解除质押的公告,,2026-07-24 09:16:14,0.45,0.9,0.2,0.1,0.4,2026-07-24 09:47:43,2026-07-23,
恒瑞医药,600276,2026-07-23 20:14:07,恒瑞医药注射用卡瑞利珠单抗联合苹果酸法米替尼胶囊用于宫颈癌一线治疗获批上市,,2026-07-24 09:16:14,4.8,1.0,0.8,0.3,0.9,2026-07-24 09:48:16,2026-07-23,
格林美,2340,2026-07-23 20:09:00,格林美：关于取得金融机构股票回购专项贷款承诺函的公告,,2026-07-24 09:16:14,4.2,1.0,0.7,0.4,0.8,2026-07-24 09:48:46,2026-07-23,
格林美,002340,2026-07-23 20:09:00,格林美：关于取得金融机构股票回购专项贷款承诺函的公告,,2026-07-29 15:04:28,,,,,,,2026-07-23,http://finance.eastmoney.com/a/202607233819170110.html
立讯精密,2475,2026-07-23 20:07:59,财富榜单里的“换挡”密码：粤企挑大梁，新能源与AI硬件“造富”,,2026-07-24 09:16:14,1.12,0.8,0.4,0.1,0.6,2026-07-24 09:49:23,2026-07-23,
德赛西威,002920,2026-07-23 20:07:59,财富榜单里的“换挡”密码：粤企挑大梁，新能源与AI硬件“造富”,,2026-07-29 15:04:28,,,,,,,2026-07-23,http://finance.eastmoney.com/a/202607233819157297.html
格林美,2340,2026-07-23 20:07:59,财富榜单里的“换挡”密码：粤企挑大梁，新能源与AI硬件“造富”,,2026-07-24 09:16:14,0.2,0.5,0.2,0.0,0.4,2026-07-24 09:49:54,2026-07-23,
德赛西威,2920,2026-07-23 20:07:59,财富榜单里的“换挡”密码：粤企挑大梁，新能源与AI硬件“造富”,,2026-07-24 09:16:14,1.04125,0.85,0.35,0.1,0.6,2026-07-24 09:50:32,2026-07-23,
格林美,002340,2026-07-23 20:07:59,财富榜单里的“换挡”密码：粤企挑大梁，新能源与AI硬件“造富”,,2026-07-29 15:04:28,,,,,,,2026-07-23,http://finance.eastmoney.com/a/202607233819157297.html
格林美,002340,2026-07-23 18:45:35,格林美：取得不超过1.44亿元股票回购专项贷款承诺函,,2026-07-29 15:04:28,,,,,,,2026-07-23,http://finance.eastmoney.com/a/202607233819071552.html
格林美,2340,2026-07-23 18:45:35,格林美：取得不超过1.44亿元股票回购专项贷款承诺函,,2026-07-24 09:16:14,4.2,1.0,0.7,0.4,0.8,2026-07-24 09:51:04,2026-07-23,
万华化学,600309,2026-07-23 18:13:00,强势股追踪 主力资金连续5日净流入85股,,2026-07-24 09:16:14,2.025,0.9,0.5,0.2,0.7,2026-07-24 09:52:08,2026-07-23,
立讯精密,2475,2026-07-23 18:13:00,资金流向日报：14个行业资金呈净流出,,2026-07-24 09:16:14,-0.02,0.2,0.1,0.0,-0.2,2026-07-24 09:51:32,2026-07-23,
万华化学,600309,2026-07-23 18:13:00,强势股追踪 主力资金连续5日净流入85股,,2026-07-29 15:04:28,,,,,,,2026-07-23,http://finance.eastmoney.com/a/202607233819056313.html
中国石油,601857,2026-07-23 18:10:00,“迎峰度夏 能源保供”系列报道 迎战高温与暴雨考验 迎峰度夏电力保供不停歇,,2026-07-24 09:16:14,0.315,0.7,0.3,0.0,0.3,2026-07-24 09:52:45,2026-07-23,
康龙化成,300759,2026-07-23 18:00:23,富祥股份预计上半年净利最高增超30倍！60家生物药企业绩预增，猴价高涨等因素带动,,2026-07-24 09:16:14,2.88,0.8,0.6,0.5,0.7,2026-07-24 09:53:27,2026-07-23,
康龙化成,300759,2026-07-23 18:00:23,富祥股份预计上半年净利最高增超30倍！60家生物药企业绩预增，猴价高涨等因素带动,,2026-07-29 15:04:28,,,,,,,2026-07-23,http://finance.eastmoney.com/a/202607233819042657.html
立讯精密,2475,2026-07-23 17:03:00,IPO数与融资规模双领跑，广东千亿百亿级上市公司快速扩容,,2026-07-24 09:16:14,0.2,0.4,0.2,0.1,0.4,2026-07-24 09:54:02,2026-07-23,
中国石化,600028,2026-07-23 16:45:00,中国石化：2026年上半年境内成品油总销量达7900万吨 同比降9.2%,,2026-07-24 09:16:14,-5.0,1.0,0.8,-0.5,-0.8,2026-07-24 09:54:27,2026-07-23,
中国石化,600028,2026-07-23 16:43:00,中国石化：上半年原油产量同比下降0.1%,,2026-07-24 09:16:14,-0.09,0.9,0.2,0.0,-0.1,2026-07-24 09:54:59,2026-07-23,
中国石化,600028,2026-07-23 16:36:17,中国石化：2026年上半年油气当量产量同比增长0.3%,,2026-07-24 09:16:14,0.15,1.0,0.3,0.0,0.1,2026-07-24 09:55:35,2026-07-23,
中国石化,600028,2026-07-23 16:32:26,452家企业、65项首发，低空经济博览会释放了哪些信号？,,2026-07-24 09:16:14,0.01,0.2,0.1,0.0,0.1,2026-07-24 09:56:14,2026-07-23,
欧菲光,002456,2026-07-23 16:27:00,欧菲光：控股股东解除2064万股质押 仍累计质押超五成持股,,2026-07-29 15:04:28,,,,,,,2026-07-23,http://finance.eastmoney.com/a/202607233818939025.html
欧菲光,2456,2026-07-23 16:27:00,欧菲光：控股股东解除2064万股质押 仍累计质押超五成持股,,2026-07-24 09:16:14,0.6000000000000001,1.0,0.4,0.1,0.2,2026-07-24 09:56:53,2026-07-23,
欧菲光,002456,2026-07-23 16:21:00,欧菲光：控股股东深圳市欧菲投资控股有限公司解除质押2064.41万股,,2026-07-29 15:04:28,,,,,,,2026-07-23,http://finance.eastmoney.com/a/202607233818938634.html
欧菲光,2456,2026-07-23 16:21:00,欧菲光：控股股东深圳市欧菲投资控股有限公司解除质押2064.41万股,,2026-07-24 09:16:14,1.2,1.0,0.4,0.1,0.5,2026-07-24 09:57:33,2026-07-23,
共达电声,2655,2026-07-23 16:00:55,共达电声：将于2026年07月24日召开2026年第二次临时股东大会,,2026-07-24 08:56:22,0.0,1.0,0.1,0.0,0.0,2026-07-24 08:57:22,2026-07-23,
共达电声,002655,2026-07-23 16:00:55,共达电声：将于2026年07月24日召开2026年第二次临时股东大会,,2026-07-29 15:04:28,,,,,,,2026-07-23,http://stock.eastmoney.com/a/202607233818905619.html
新宙邦,300037,2026-07-23 15:34:00,中证转债指数收涨0.14%，216只可转债收涨,,2026-07-24 09:16:14,0.01,0.2,0.1,0.0,0.1,2026-07-24 09:58:32,2026-07-23,
鼎龙股份,300054,2026-07-23 15:34:00,中证转债指数收涨0.14%，216只可转债收涨,,2026-07-24 09:16:14,0.025,0.5,0.1,0.0,0.1,2026-07-24 09:59:06,2026-07-23,
贝达药业,300558,2026-07-23 12:35:00,印度仿制药巨头盯上国产“替尼”，恒瑞们准备好了吗？,,2026-07-29 15:04:28,,,,,,,2026-07-23,http://finance.eastmoney.com/a/202607233818672977.html
贝达药业,300558,2026-07-23 12:35:00,印度仿制药巨头盯上国产“替尼”，恒瑞们准备好了吗？,,2026-07-24 09:16:14,-1.105,0.85,0.65,0.0,-0.4,2026-07-24 09:59:40,2026-07-23,
杭州柯林,688611,2026-07-23 11:45:53,百亿招标+建设高景气！特高压多股涨停 15股2026业绩预测翻倍,,2026-07-29 15:04:28,,,,,,,2026-07-23,http://finance.eastmoney.com/a/202607233818656744.html
杭州柯林,688611,2026-07-23 11:45:53,百亿招标+建设高景气！特高压多股涨停 15股2026业绩预测翻倍,,2026-07-24 09:16:14,1.35,0.45,0.6,0.2,0.8,2026-07-24 10:00:22,2026-07-23,
恒力石化,600346,2026-07-23 10:07:53,美伊互放狠话+胡塞武装入局 油价创阶段新高 多股获融资客关注(名单),,2026-07-24 09:16:14,2.24,0.8,0.7,0.2,0.6,2026-07-24 10:01:08,2026-07-23,
上海石化,600688,2026-07-23 10:07:53,美伊互放狠话+胡塞武装入局 油价创阶段新高 多股获融资客关注(名单),,2026-07-24 09:16:14,2.205,0.9,0.7,0.2,0.5,2026-07-24 10:01:56,2026-07-23,
上海石化,600688,2026-07-23 10:07:53,美伊互放狠话+胡塞武装入局 油价创阶段新高 多股获融资客关注(名单),,2026-07-29 15:04:28,,,,,,,2026-07-23,http://finance.eastmoney.com/a/202607233818494591.html
恒力石化,600346,2026-07-23 10:07:53,美伊互放狠话+胡塞武装入局 油价创阶段新高 多股获融资客关注(名单),,2026-07-29 15:04:28,,,,,,,2026-07-23,http://finance.eastmoney.com/a/202607233818494591.html
泰格医药,300347,2026-07-23 09:07:00,基金二季度控盘比例超10%个股（附名单）,,2026-07-24 09:16:14,1.575,0.9,0.5,0.1,0.6,2026-07-24 10:02:27,2026-07-23,
贝达药业,300558,2026-07-23 08:03:40,半年度业绩预告盘点丨1768家上市公司已披露 555家预计净利润最大增幅超100%,,2026-07-29 15:04:28,,,,,,,2026-07-23,http://finance.eastmoney.com/a/202607233817998817.html
贝达药业,300558,2026-07-23 08:03:40,半年度业绩预告盘点丨1768家上市公司已披露 555家预计净利润最大增幅超100%,,2026-07-24 09:16:14,0.04,0.1,0.2,0.0,0.4,2026-07-24 10:02:57,2026-07-23,
贝达药业,300558,2026-07-23 08:01:22,第12批集采将于7月31日开标；贝达药业预计上半年净利大增,,2026-07-29 15:04:28,,,,,,,2026-07-23,http://finance.eastmoney.com/a/202607233818008088.html
贝达药业,300558,2026-07-23 08:01:22,第12批集采将于7月31日开标；贝达药业预计上半年净利大增,,2026-07-24 09:16:14,4.8,1.0,0.8,0.5,0.7,2026-07-24 10:03:33,2026-07-23,
贝达药业,300558,2026-07-23 07:44:00,7月22日晚间重要公告集锦,,2026-07-24 09:16:14,-1.4,1.0,0.4,-0.4,-0.3,2026-07-24 10:05:17,2026-07-23,
贝达药业,300558,2026-07-23 07:44:00,7月22日晚间重要公告集锦,,2026-07-29 15:04:28,,,,,,,2026-07-23,http://finance.eastmoney.com/a/202607233817997465.html
恒力石化,600346,2026-07-23 02:11:36,又一批沪市公司推出回购增持计划,,2026-07-24 09:16:14,0.7,0.5,0.4,0.1,0.6,2026-07-24 10:06:10,2026-07-23,
恒力石化,600346,2026-07-23 02:11:36,又一批沪市公司推出回购增持计划,,2026-07-29 15:04:28,,,,,,,2026-07-23,http://finance.eastmoney.com/a/202607233817769368.html
中国石油,601857,2026-07-22 23:34:00,央企负责人2025年度经营业绩考核A级企业名单出炉：48家企业上榜,,2026-07-24 09:16:14,1.08,0.9,0.4,0.1,0.5,2026-07-24 10:06:44,2026-07-22,
万华化学,600309,2026-07-22 23:05:38,两日近70家沪市公司密集释放利好信号 涉及回购增持、业绩预喜、中期分红,,2026-07-24 09:16:14,0.525,0.5,0.3,0.1,0.6,2026-07-24 10:07:24,2026-07-22,
贝达药业,300558,2026-07-22 22:53:54,【中证快报】7月22日中证投资资讯,,2026-07-24 09:16:14,0.0,0.0,0.0,0.0,0.0,2026-07-24 10:08:10,2026-07-22,
万华化学,600309,2026-07-22 22:36:00,沪市公司密集利好！回购增持、业绩预喜、重大合同......两日已近70家,,2026-07-24 09:16:14,0.12,0.2,0.2,0.0,0.6,2026-07-24 10:08:52,2026-07-22,
恒力石化,600346,2026-07-22 22:19:39,沪市公司回购增持热潮持续涌动,,2026-07-24 09:16:14,0.4199999999999999,0.4,0.3,0.1,0.6,2026-07-24 10:09:31,2026-07-22,
恒力石化,600346,2026-07-22 22:19:39,沪市公司回购增持热潮持续涌动,,2026-07-29 15:04:28,,,,,,,2026-07-22,http://finance.eastmoney.com/a/202607223817705556.html
恒力石化,600346,2026-07-22 21:54:04,回购增持热潮持续涌动 沪市公司以实际行动提振市场信心,,2026-07-24 09:16:14,0.4799999999999999,0.4,0.3,0.1,0.7,2026-07-24 10:10:15,2026-07-22,
博敏电子,603936,2026-07-22 21:43:00,博敏电子：2026年第二次临时股东会决议公告,,2026-07-29 15:04:28,,,,,,,2026-07-22,http://finance.eastmoney.com/a/202607223817696338.html
博敏电子,603936,2026-07-22 21:43:00,博敏电子：2026年第二次临时股东会决议公告,,2026-07-24 09:16:14,0.0,1.0,0.1,0.0,0.0,2026-07-24 10:10:42,2026-07-22,
鼎汉技术,300011,2026-07-22 21:05:00,鼎汉技术：公司财务总监职责暂由董事长刘中秋先生代行,,2026-07-24 09:16:14,-2.25,1.0,0.5,-0.4,-0.5,2026-07-24 10:11:16,2026-07-22,
鼎汉技术,300011,2026-07-22 21:05:00,鼎汉技术：公司财务总监职责暂由董事长刘中秋先生代行,,2026-07-29 15:04:28,,,,,,,2026-07-22,http://finance.eastmoney.com/a/202607223817629227.html
君实生物,688180,2026-07-22 20:52:00,君实生物：完成发行3亿元科技创新债券,,2026-07-24 09:16:14,1.5,1.0,0.5,0.1,0.5,2026-07-24 10:11:50,2026-07-22,
电连技术,300679,2026-07-22 20:27:00,电连技术：公司持续拓展多领域应用场景,,2026-07-24 09:16:14,1.2,1.0,0.4,0.1,0.5,2026-07-24 10:12:21,2026-07-22,
迈克生物,300463,2026-07-22 20:26:00,迈克生物：首次回购公司股份88800股,,2026-07-29 15:04:28,,,,,,,2026-07-22,http://finance.eastmoney.com/a/202607223817546427.html
迈克生物,300463,2026-07-22 20:26:00,迈克生物：首次回购公司股份88800股,,2026-07-24 09:16:14,2.3999999999999995,1.0,0.6,0.1,0.7,2026-07-24 10:12:55,2026-07-22,
北京君正,300223,2026-07-22 20:21:33,芯片更赚钱了！这家公司上半年净利润预增1099%,,2026-07-24 09:16:14,5.0,1.0,0.9,0.8,1.0,2026-07-24 10:13:21,2026-07-22,
电连技术,300679,2026-07-22 20:16:00,电连技术：中兴通讯是公司的客户,,2026-07-24 09:16:14,1.4,1.0,0.4,0.2,0.5,2026-07-24 10:13:56,2026-07-22,
北京君正,300223,2026-07-22 20:15:00,北京君正最新股东户数环比下降9.65% 筹码趋向集中,,2026-07-24 09:16:14,4.2,1.0,0.7,0.4,0.8,2026-07-24 10:14:24,2026-07-22,
朝阳科技,300893,2026-07-22 19:56:00,松原安全：截至2026年7月20日公司股东共计为9923户,,2026-07-24 09:16:14,0.0,1.0,0.2,0.0,0.0,2026-07-24 10:15:35,2026-07-22,
朝阳科技,300893,2026-07-22 19:56:00,松原安全：截至2026年7月20日公司股东共计为9923户,,2026-07-29 15:04:28,,,,,,,2026-07-22,http://finance.eastmoney.com/a/202607223817514125.html
君实生物,688180,2026-07-22 19:29:00,君实生物完成发行3亿元科技创新债券，发行利率2.59%,,2026-07-24 09:16:14,2.0,1.0,0.5,0.3,0.5,2026-07-24 10:16:13,2026-07-22,
迈克生物,300463,2026-07-22 17:46:13,股价连续回调后，迈克生物逢低回购8.88万股自家股份,,2026-07-29 15:04:28,,,,,,,2026-07-22,http://finance.eastmoney.com/a/202607223817402833.html
迈克生物,300463,2026-07-22 17:46:13,股价连续回调后，迈克生物逢低回购8.88万股自家股份,,2026-07-24 09:16:14,2.0,1.0,0.5,0.2,0.6,2026-07-24 10:16:49,2026-07-22,
康龙化成,300759,2026-07-22 17:08:22,香港交易所信息显示，花旗集团在康龙化成H股的持股比例于07月16日从9.63%降至8.85%,,2026-07-29 15:04:28,,,,,,,2026-07-22,http://finance.eastmoney.com/a/202607223817339934.html
康龙化成,300759,2026-07-22 17:08:22,香港交易所信息显示，花旗集团在康龙化成H股的持股比例于07月16日从9.63%降至8.85%,,2026-07-24 09:16:14,-2.7,1.0,0.6,-0.3,-0.6,2026-07-24 10:17:29,2026-07-22,
迈克生物,300463,2026-07-22 16:40:00,迈克生物：首次回购8.88万股,,2026-07-24 09:16:14,2.3999999999999995,1.0,0.6,0.1,0.7,2026-07-24 10:18:01,2026-07-22,
迈克生物,300463,2026-07-22 16:40:00,迈克生物：首次回购8.88万股,,2026-07-29 15:04:28,,,,,,,2026-07-22,http://finance.eastmoney.com/a/202607223817303229.html
欧菲光,2456,2026-07-22 16:34:00,欧菲光：江西欧菲光学微纳器件有限公司于2026年7月8日正式成立,,2026-07-24 09:16:14,0.75,1.0,0.3,0.1,0.4,2026-07-24 10:18:40,2026-07-22,
北京君正,300223,2026-07-22 14:46:00,存储芯片概念震荡回落 德明利8天6次跌停,,2026-07-24 09:16:14,-2.295,0.85,0.6,-0.1,-0.8,2026-07-24 10:19:19,2026-07-22,
智飞生物,300122,2026-07-22 13:45:55,智飞生物回购坚定信心 多维发力积蓄向上势能,,2026-07-29 15:04:28,,,,,,,2026-07-22,http://finance.eastmoney.com/a/202607223817120631.html
智飞生物,300122,2026-07-22 13:45:55,智飞生物回购坚定信心 多维发力积蓄向上势能,,2026-07-24 09:16:14,4.2,1.0,0.7,0.4,0.8,2026-07-24 10:19:50,2026-07-22,
泰格医药,300347,2026-07-22 12:53:00,基金二季度新进重仓股曝光 18股基金持股比例超20%,,2026-07-24 09:16:14,3.7800000000000007,0.9,0.7,0.4,0.8,2026-07-24 10:21:00,2026-07-22,
泰格医药,300347,2026-07-22 12:53:00,基金二季度新进重仓股曝光 18股基金持股比例超20%,,2026-07-29 15:04:28,,,,,,,2026-07-22,http://finance.eastmoney.com/a/202607223817058831.html
泰格医药,300347,2026-07-22 12:34:00,A股“股王” 基金新进重仓超90亿元！基金高比例重仓股曝光（附名单）,,2026-07-29 15:04:28,,,,,,,2026-07-22,http://finance.eastmoney.com/a/202607223817046821.html
泰格医药,300347,2026-07-22 12:34:00,A股“股王” 基金新进重仓超90亿元！基金高比例重仓股曝光（附名单）,,2026-07-24 09:16:14,2.4,0.8,0.6,0.3,0.7,2026-07-24 10:21:49,2026-07-22,
君实生物,688180,2026-07-22 11:49:53,新药首发破冰叠加关税扰动 创新药概念表现活跃 最新高增长潜力股名单揭晓,,2026-07-24 09:16:14,3.12375,0.85,0.7,0.3,0.75,2026-07-24 10:22:22,2026-07-22,
中国船舶,600150,2026-07-22 11:48:26,首次进军大洋洲，国产船舶减摇装备海外市场持续拓展,,2026-07-24 09:16:14,2.0625,0.75,0.5,0.4,0.7,2026-07-24 10:23:00,2026-07-22,
顺络电子,002138,2026-07-22 10:39:27,CPO概念股震荡走强,,2026-07-29 15:04:28,,,,,,,2026-07-22,http://finance.eastmoney.com/a/202607223816951419.html
顺络电子,2138,2026-07-22 10:39:27,CPO概念股震荡走强,,2026-07-24 14:22:02,,,,,,,2026-07-22,http://finance.eastmoney.com/a/202607223816951419.html
顺络电子,2138,2026-07-22 10:39:00,CPO概念股震荡走强 锐捷网络、紫光股份等多股涨停,,2026-07-24 14:22:02,,,,,,,2026-07-22,http://finance.eastmoney.com/a/202607223816948678.html
顺络电子,002138,2026-07-22 10:39:00,CPO概念股震荡走强 锐捷网络、紫光股份等多股涨停,,2026-07-29 15:04:28,,,,,,,2026-07-22,http://finance.eastmoney.com/a/202607223816948678.html
歌尔股份,2241,2026-07-22 09:45:59,让AI从“算法智能”走向“场景可用”，长期技术储备构筑歌尔增长壁垒,,2026-07-24 09:16:14,3.0,1.0,0.6,0.2,0.8,2026-07-24 10:23:33,2026-07-22,
歌尔股份,002241,2026-07-22 09:45:59,让AI从“算法智能”走向“场景可用”，长期技术储备构筑歌尔增长壁垒,,2026-07-29 15:04:28,,,,,,,2026-07-22,http://finance.eastmoney.com/a/202607223816740873.html
福日电子,600203,2026-07-22 09:41:19,AI手机板块盘初走弱，晶华新材跌停,,2026-07-24 09:16:14,-1.6799999999999995,0.8,0.6,0.0,-0.7,2026-07-24 10:24:09,2026-07-22,
福日电子,600203,2026-07-22 09:41:19,AI手机板块盘初走弱，晶华新材跌停,,2026-07-29 15:04:28,,,,,,,2026-07-22,http://finance.eastmoney.com/a/202607223816700767.html
朝阳科技,300893,2026-07-22 09:32:00,松原安全产能利用率阶段性走低叠加前募未达完整效益周期，10.55亿可转债扩产遭问询，公司回复,,2026-07-29 15:04:28,,,,,,,2026-07-22,http://finance.eastmoney.com/a/202607223816646068.html
朝阳科技,300893,2026-07-22 09:32:00,松原安全产能利用率阶段性走低叠加前募未达完整效益周期，10.55亿可转债扩产遭问询，公司回复,,2026-07-24 09:16:14,-3.78,0.9,0.7,-0.5,-0.7,2026-07-24 10:24:49,2026-07-22,
泰格医药,300347,2026-07-22 08:54:00,基金重仓股揭秘：93只股持股比例超10%,,2026-07-24 09:16:14,0.6,0.8,0.3,0.1,0.4,2026-07-24 10:25:35,2026-07-22,
中科信息,300678,2026-07-22 08:47:22,我国首次在上海东部海域发射全球最大固体火箭引力一号；NTN卫星通信先锋行动正式启动；国内首款硬膜下植入式柔性脑机接口进入“绿色通道”——《投资早参》,,2026-07-29 15:04:28,,,,,,,2026-07-22,http://finance.eastmoney.com/a/202607223816353991.html
中科信息,300678,2026-07-22 08:47:22,我国首次在上海东部海域发射全球最大固体火箭引力一号；NTN卫星通信先锋行动正式启动；国内首款硬膜下植入式柔性脑机接口进入“绿色通道”——《投资早参》,,2026-07-24 09:16:14,0.06,0.2,0.2,0.0,0.3,2026-07-24 10:26:31,2026-07-22,
共达电声,2655,2026-07-22 08:20:00,山东上市公司密集推出增持回购分红等举措 多渠道释放积极信号,,2026-07-24 09:16:14,0.8,0.5,0.4,0.1,0.7,2026-07-24 10:27:15,2026-07-22,
新宙邦,300037,2026-07-22 07:59:45,双政策催化叠加！固态电池赛道景气升温 20股今年业绩倍增可期(名单),,2026-07-24 09:16:14,3.825,0.85,0.75,0.4,0.8,2026-07-24 10:27:48,2026-07-22,
北京君正,300223,2026-07-22 06:44:29,A股强势反弹 中长期仍具较强韧性,,2026-07-24 09:16:14,0.14,0.2,0.2,0.1,0.6,2026-07-24 10:28:15,2026-07-22,
翰宇药业,300199,2026-07-22 05:57:30,从单点试用迈向全链深耕 “AI+制造”，展现新潜力,,2026-07-24 09:16:14,3.1768749999999994,0.85,0.65,0.4,0.75,2026-07-24 10:28:56,2026-07-22,
翰宇药业,300199,2026-07-22 05:57:30,从单点试用迈向全链深耕 “AI+制造”，展现新潜力,,2026-07-29 15:04:28,,,,,,,2026-07-22,http://finance.eastmoney.com/a/202607223816105294.html
康龙化成,300759,2026-07-22 03:30:38,创新药产业链表现亮眼 传统制药与医疗器械企业承压A股医药生物公司业绩分化,,2026-07-24 09:16:14,1.4874999999999998,0.85,0.5,0.1,0.6,2026-07-24 10:29:25,2026-07-22,
康龙化成,300759,2026-07-22 03:30:38,创新药产业链表现亮眼 传统制药与医疗器械企业承压A股医药生物公司业绩分化,,2026-07-29 15:04:28,,,,,,,2026-07-22,http://finance.eastmoney.com/a/202607223816085975.html
东方盛虹,301,2026-07-21 22:55:26,民营炼化“四巨头”上半年业绩集体预喜,,2026-07-24 09:16:14,3.7800000000000007,0.9,0.7,0.4,0.8,2026-07-24 10:29:55,2026-07-21,
德赛西威,002920,2026-07-21 22:49:59,减仓锂电、加仓算力！东吴基金刘元海大幅调仓,,2026-07-29 15:04:28,,,,,,,2026-07-21,http://finance.eastmoney.com/a/202607213816028324.html
德赛西威,2920,2026-07-21 22:49:59,减仓锂电、加仓算力！东吴基金刘元海大幅调仓,,2026-07-24 09:16:14,1.05,0.6,0.5,0.1,0.6,2026-07-24 10:30:34,2026-07-21,
北京君正,300223,2026-07-21 22:43:00,嘉实基金王贵重：AI产业仍然存在持续的投资机会,,2026-07-24 09:16:14,0.7,0.5,0.4,0.1,0.6,2026-07-24 10:31:01,2026-07-21,
博敏电子,603936,2026-07-21 21:50:00,002199，“摘星脱帽”！14股获机构大手笔净买入,,2026-07-29 15:04:28,,,,,,,2026-07-21,http://finance.eastmoney.com/a/202607213815942491.html
博敏电子,603936,2026-07-21 21:50:00,002199，“摘星脱帽”！14股获机构大手笔净买入,,2026-07-24 09:16:14,0.0,0.1,0.1,0.0,0.0,2026-07-24 10:31:51,2026-07-21,
君实生物,688180,2026-07-21 21:40:00,君实生物：特瑞普利单抗围手术期治疗NSCLC适应症补充申请获受理,,2026-07-24 09:16:14,3.5,1.0,0.7,0.2,0.8,2026-07-24 10:32:20,2026-07-21,
格林美,002340,2026-07-21 21:35:00,格林美：公司将持续践行创新公式，实施创新倍增计划与超技术研究计划,,2026-07-29 15:04:28,,,,,,,2026-07-21,http://finance.eastmoney.com/a/202607213815963556.html
格林美,2340,2026-07-21 21:35:00,格林美：2025年度现金分红金额为4.8亿元，并计划开展2026年度中期分红,,2026-07-24 09:16:14,4.55,1.0,0.7,0.5,0.8,2026-07-24 10:32:50,2026-07-21,
格林美,2340,2026-07-21 21:35:00,格林美：公司将持续践行创新公式，实施创新倍增计划与超技术研究计划,,2026-07-24 09:16:14,2.1375,0.95,0.5,0.2,0.7,2026-07-24 10:33:24,2026-07-21,
安科生物,300009,2026-07-21 21:20:00,创新药成果涌现 上市公司积极布局,,2026-07-29 15:04:28,,,,,,,2026-07-21,http://finance.eastmoney.com/a/202607213815923516.html
安科生物,300009,2026-07-21 21:20:00,创新药成果涌现 上市公司积极布局,,2026-07-24 09:16:14,0.525,0.5,0.3,0.1,0.6,2026-07-24 10:33:57,2026-07-21,
博敏电子,603936,2026-07-21 21:18:00,龙虎榜揭秘：5股获机构亿元净买入,,2026-07-24 09:16:14,4.095000000000001,0.9,0.7,0.5,0.8,2026-07-24 10:36:09,2026-07-21,
博敏电子,603936,2026-07-21 21:18:00,沪股通现身20只个股龙虎榜,,2026-07-29 15:04:28,,,,,,,2026-07-21,http://finance.eastmoney.com/a/202607213815899645.html
博敏电子,603936,2026-07-21 21:18:00,沪股通现身20只个股龙虎榜,,2026-07-24 09:16:14,0.0,0.2,0.1,0.0,0.0,2026-07-24 10:34:38,2026-07-21,
博敏电子,603936,2026-07-21 21:18:00,博敏电子7月21日龙虎榜数据,,2026-07-24 09:16:14,0.0,1.0,0.6,0.0,0.0,2026-07-24 10:35:29,2026-07-21,
博敏电子,603936,2026-07-21 21:18:00,龙虎榜揭秘：5股获机构亿元净买入,,2026-07-29 15:04:28,,,,,,,2026-07-21,http://finance.eastmoney.com/a/202607213815897319.html
博敏电子,603936,2026-07-21 21:18:00,博敏电子7月21日龙虎榜数据,,2026-07-29 15:04:28,,,,,,,2026-07-21,http://finance.eastmoney.com/a/202607213815896155.html
道恩股份,002838,2026-07-21 21:04:00,玲珑轮胎：公司与道恩合作开发的DVA项目已进入到小批量生产阶段,,2026-07-29 15:04:28,,,,,,,2026-07-21,http://finance.eastmoney.com/a/202607213815908439.html
道恩股份,2838,2026-07-21 21:04:00,玲珑轮胎：公司与道恩合作开发的DVA项目已进入到小批量生产阶段,,2026-07-24 09:16:14,3.135,0.95,0.6,0.4,0.7,2026-07-24 10:36:39,2026-07-21,
顺络电子,2138,2026-07-21 20:58:00,顺络电子：关于董事长部分股份质押的公告,,2026-07-24 14:22:02,,,,,,,2026-07-21,http://finance.eastmoney.com/a/202607213815877857.html
高新兴,300098,2026-07-21 20:27:00,高新兴：公司无逾期对外担保情况,,2026-07-24 09:16:14,0.1,1.0,0.2,0.0,0.1,2026-07-24 10:37:16,2026-07-21,
高新兴,300098,2026-07-21 20:27:00,高新兴：公司无逾期对外担保情况,,2026-07-29 15:04:28,,,,,,,2026-07-21,http://finance.eastmoney.com/a/202607213815847871.html
君实生物,688180,2026-07-21 20:26:00,中欧基金葛兰二季报出炉：君实生物首进持仓前十，科伦药业获大举增持,,2026-07-24 09:16:14,4.55,1.0,0.7,0.5,0.8,2026-07-24 10:37:46,2026-07-21,
泰格医药,300347,2026-07-21 20:26:00,中欧基金葛兰二季报出炉：君实生物首进持仓前十，科伦药业获大举增持,,2026-07-24 09:16:14,-1.05,0.7,0.6,-0.1,-0.4,2026-07-24 10:39:42,2026-07-21,
康龙化成,300759,2026-07-21 20:26:00,中欧基金葛兰二季报出炉：君实生物首进持仓前十，科伦药业获大举增持,,2026-07-24 09:16:14,0.0,0.4,0.1,0.0,0.0,2026-07-24 10:38:53,2026-07-21,
唐源电气,300789,2026-07-21 20:17:00,唐源电气：2025年年度权益分派实施公告,,2026-07-29 15:04:28,,,,,,,2026-07-21,http://finance.eastmoney.com/a/202607213815838048.html
唐源电气,300789,2026-07-21 20:17:00,唐源电气：2025年年度权益分派实施公告,,2026-07-24 09:16:14,0.2,1.0,0.2,0.0,0.2,2026-07-24 10:40:14,2026-07-21,
中国船舶,600150,2026-07-21 18:57:52,杠杆资金少了3000亿！两融连降13天，融资客逃离科技股？,,2026-07-24 09:16:14,-0.2249999999999999,0.3,0.3,0.0,-0.5,2026-07-24 10:40:52,2026-07-21,
顺络电子,2138,2026-07-21 18:30:00,顺络电子：公司专注于精密电子元器件多年,,2026-07-24 14:22:02,,,,,,,2026-07-21,http://finance.eastmoney.com/a/202607213815742492.html
顺络电子,2138,2026-07-21 18:30:00,顺络电子：目前客户群已涵盖了通讯、汽车电子、新能源、消费、数据中心、工业控制等行业的全球众多标杆企业,,2026-07-24 14:22:02,,,,,,,2026-07-21,http://finance.eastmoney.com/a/202607213815742367.html
常山药业,300255,2026-07-21 18:24:00,常山药业：截至2026年7月20日公司的股东户数为76810户,,2026-07-24 09:16:14,0.0,1.0,0.2,0.0,0.0,2026-07-24 10:41:35,2026-07-21,
常山药业,300255,2026-07-21 18:24:00,常山药业：截至2026年7月20日公司的股东户数为76810户,,2026-07-29 15:04:28,,,,,,,2026-07-21,http://finance.eastmoney.com/a/202607213815739798.html
唐源电气,300789,2026-07-21 18:03:00,唐源电气：每10股派1.30元，股权登记日为7月28日,,2026-07-24 09:16:14,0.2,1.0,0.2,0.0,0.2,2026-07-24 10:42:04,2026-07-21,
唐源电气,300789,2026-07-21 18:03:00,唐源电气：每10股派1.30元，股权登记日为7月28日,,2026-07-29 15:04:28,,,,,,,2026-07-21,http://finance.eastmoney.com/a/202607213815717574.html
新宙邦,300037,2026-07-21 17:44:00,新宙邦：公司对未来业绩持续增长抱有充分信心,,2026-07-24 09:16:14,2.5,1.0,0.5,0.2,0.8,2026-07-24 10:42:34,2026-07-21,
多氟多,2407,2026-07-21 17:40:00,继续给宁德时代打工：车企半年报多预减,,2026-07-24 09:16:14,-2.16,0.8,0.6,-0.2,-0.7,2026-07-24 10:43:07,2026-07-21,
多氟多,2407,2026-07-21 17:29:19,基础化工密集预喜，30余家公司上半年净利润翻倍,,2026-07-24 09:16:14,2.8800000000000003,0.8,0.6,0.4,0.8,2026-07-24 10:43:34,2026-07-21,
康龙化成,300759,2026-07-21 17:05:28,花旗集团在康龙化成H股的持股比例于7月15日从9.38%升至9.63%,,2026-07-24 09:16:14,1.6000000000000003,1.0,0.4,0.2,0.6,2026-07-24 10:44:06,2026-07-21,
新宙邦,300037,2026-07-21 16:40:00,新宙邦：电池化学品业务是公司三大核心业务之一,,2026-07-24 09:16:14,0.09,0.9,0.2,0.0,0.1,2026-07-24 10:44:37,2026-07-21,
国恩股份,002768,2026-07-21 15:43:30,【概念速递】国恩股份新增“人形机器人”概念,,2026-07-29 15:04:28,,,,,,,2026-07-21,http://stock.eastmoney.com/a/202607213815511991.html
国恩股份,2768,2026-07-21 15:43:30,【概念速递】国恩股份新增“人形机器人”概念,,2026-07-24 09:16:14,4.55,1.0,0.7,0.5,0.8,2026-07-24 10:45:08,2026-07-21,
中国船舶,600150,2026-07-21 10:59:00,中船澄西首艘41800吨双向航行自卸船交付，手持订单交付已排至2030年,,2026-07-24 09:16:14,4.095000000000001,0.9,0.7,0.5,0.8,2026-07-24 10:45:38,2026-07-21,
凯发电气,300523,2026-07-21 08:16:56,【五大信披媒体精华摘要】7月21日,,2026-07-24 09:16:14,0.0,0.1,0.1,0.0,0.0,2026-07-24 10:46:32,2026-07-21,
凯发电气,300523,2026-07-21 08:16:56,【五大信披媒体精华摘要】7月21日,,2026-07-29 15:04:28,,,,,,,2026-07-21,http://finance.eastmoney.com/a/202607213814046412.html
凯发电气,300523,2026-07-21 07:26:00,从单一项目协作迈向深度融合 央地国资合作步入“新耦合时代”,,2026-07-29 15:04:28,,,,,,,2026-07-21,http://finance.eastmoney.com/a/202607213813864159.html
凯发电气,300523,2026-07-21 07:26:00,从单一项目协作迈向深度融合 央地国资合作步入“新耦合时代”,,2026-07-24 09:16:14,0.005,0.1,0.1,0.0,0.1,2026-07-24 10:47:06,2026-07-21,
凯发电气,300523,2026-07-21 07:24:06,资本互动高频化常态化 央地国资合作步入“新耦合时代”,,2026-07-24 09:16:14,0.0,0.1,0.1,0.0,0.0,2026-07-24 10:47:43,2026-07-21,
凯发电气,300523,2026-07-21 07:24:06,资本互动高频化常态化 央地国资合作步入“新耦合时代”,,2026-07-29 15:04:28,,,,,,,2026-07-21,http://finance.eastmoney.com/a/202607213813787031.html
东方盛虹,301,2026-07-21 06:26:44,化工品涨价带动行业回暖 多家石油石化公司上半年业绩倍增,,2026-07-24 09:16:14,3.7800000000000007,0.9,0.7,0.4,0.8,2026-07-24 10:48:16,2026-07-21,
上海石化,600688,2026-07-21 06:10:04,传统产业一身“反骨”：30年老厂请最潮机器人，最“烧脑”经验装进AI,,2026-07-24 09:16:14,1.4400000000000002,0.9,0.4,0.2,0.6,2026-07-24 10:49:08,2026-07-21,
上海石化,600688,2026-07-21 06:10:04,传统产业一身“反骨”：30年老厂请最潮机器人，最“烧脑”经验装进AI,,2026-07-29 15:04:28,,,,,,,2026-07-21,http://finance.eastmoney.com/a/202607213813816593.html
智飞生物,300122,2026-07-21 00:10:00,超百亿元！一大批A股公司公告增持回购,,2026-07-29 15:04:28,,,,,,,2026-07-21,http://finance.eastmoney.com/a/202607203813738470.html
智飞生物,300122,2026-07-21 00:10:00,超百亿元！一大批A股公司公告增持回购,,2026-07-24 09:16:14,0.14,0.2,0.2,0.1,0.6,2026-07-24 10:50:02,2026-07-21,
智飞生物,300122,2026-07-21 00:03:00,智飞生物拟以1.5亿元至3亿元回购股份 彰显长期发展信心,,2026-07-29 15:04:28,,,,,,,2026-07-21,http://finance.eastmoney.com/a/202607213813765191.html
智飞生物,300122,2026-07-21 00:03:00,智飞生物拟以1.5亿元至3亿元回购股份 彰显长期发展信心,,2026-07-24 09:16:14,4.2,1.0,0.7,0.4,0.8,2026-07-24 10:50:30,2026-07-21,
智飞生物,300122,2026-07-20 23:22:00,智飞生物拟斥资不超过3亿元回购股份 回购价格上限较市价高出逾40%,,2026-07-24 09:16:14,,,,,,,2026-07-20,
智飞生物,300122,2026-07-20 23:22:00,智飞生物拟斥资不超过3亿元回购股份 回购价格上限较市价高出逾40%,,2026-07-29 15:04:28,,,,,,,2026-07-20,http://finance.eastmoney.com/a/202607203813746590.html
东方盛虹,301,2026-07-20 22:55:00,900家深市上市公司预告半年业绩，净利总额同比涨147%,,2026-07-24 09:16:14,,,,,,,2026-07-20,
智飞生物,300122,2026-07-20 22:50:08,【中证快报】7月20日中证投资资讯,,2026-07-29 15:04:28,,,,,,,2026-07-20,http://finance.eastmoney.com/a/202607203813727648.html
共达电声,2655,2026-07-20 22:50:08,【中证快报】7月20日中证投资资讯,,2026-07-24 08:56:22,,,,,,,2026-07-20,
智飞生物,300122,2026-07-20 22:50:08,【中证快报】7月20日中证投资资讯,,2026-07-24 09:16:14,,,,,,,2026-07-20,
共达电声,2655,2026-07-20 22:34:00,共达电声：控股股东一致行动人拟以1.5亿至2.5亿元增持公司股份,,2026-07-24 08:56:22,,,,,,,2026-07-20,
长信科技,300115,2026-07-20 22:17:10,公司互动丨这些公司披露在存储芯片、光模块等方面最新情况,,2026-07-24 09:16:14,,,,,,,2026-07-20,
长信科技,300115,2026-07-20 22:17:10,公司互动丨这些公司披露在存储芯片、光模块等方面最新情况,,2026-07-29 15:04:28,,,,,,,2026-07-20,http://finance.eastmoney.com/a/202607203813698877.html
长信科技,300115,2026-07-20 22:15:50,长盈精密：与宇树科技不存在股权关系,,2026-07-29 15:04:28,,,,,,,2026-07-20,http://finance.eastmoney.com/a/202607203813696168.html
长信科技,300115,2026-07-20 22:15:50,长盈精密：与宇树科技不存在股权关系,,2026-07-24 09:16:14,,,,,,,2026-07-20,
时代电气,600458,2026-07-20 21:24:00,时代新材：关于2022年限制性股票激励计划预留授予部分第二个解除限售期解除限售暨上市公告,,2026-07-24 14:22:02,,,,,,,2026-07-20,http://finance.eastmoney.com/a/202607203813645289.html
时代电气,600458,2026-07-20 21:24:00,时代新材：关于2022年限制性股票激励计划预留授予部分第二个解除限售期解除限售暨上市公告,,2026-07-29 15:04:28,,,,,,,2026-07-20,http://finance.eastmoney.com/a/202607203813645289.html
欧菲光,002456,2026-07-20 21:13:00,欧菲光：第六届董事会第二十二次（临时）会议决议公告,,2026-07-29 15:04:28,,,,,,,2026-07-20,http://finance.eastmoney.com/a/202607203813638991.html
欧菲光,2456,2026-07-20 21:13:00,欧菲光：第六届董事会第二十二次（临时）会议决议公告,,2026-07-24 14:22:02,,,,,,,2026-07-20,http://finance.eastmoney.com/a/202607203813638991.html
东方盛虹,301,2026-07-20 20:40:07,大手笔资金托底资本市场，A股增持回购密集落地,,2026-07-24 09:16:14,,,,,,,2026-07-20,
恒大高新,2635,2026-07-20 20:02:00,安洁科技：截至2026年7月10日公司股东总户数约为5.56万户,,2026-07-24 09:16:14,,,,,,,2026-07-20,
恒大高新,2635,2026-07-20 20:02:00,安洁科技：目前生产经营一切正常，基本面未发生重大变化,,2026-07-24 14:22:02,,,,,,,2026-07-20,http://finance.eastmoney.com/a/202607203813568386.html
恒大高新,2635,2026-07-20 20:02:00,安洁科技：公司将持续聚焦公司主营业务，推动经营水平和发展质量提升,,2026-07-24 14:22:02,,,,,,,2026-07-20,http://finance.eastmoney.com/a/202607203813566650.html
恒大高新,002635,2026-07-20 20:02:00,安洁科技：目前生产经营一切正常，基本面未发生重大变化,,2026-07-29 15:04:28,,,,,,,2026-07-20,http://finance.eastmoney.com/a/202607203813568386.html
恒大高新,002635,2026-07-20 20:02:00,安洁科技：截至2026年7月10日公司股东总户数约为5.56万户,,2026-07-29 15:04:28,,,,,,,2026-07-20,http://finance.eastmoney.com/a/202607203813566032.html
恒大高新,002635,2026-07-20 20:02:00,安洁科技：公司将持续聚焦公司主营业务，推动经营水平和发展质量提升,,2026-07-29 15:04:28,,,,,,,2026-07-20,http://finance.eastmoney.com/a/202607203813566650.html
朝阳科技,300893,2026-07-20 18:06:00,松原安全首获项目定点，销售额约8000万元,,2026-07-24 14:22:02,,,,,,,2026-07-20,http://finance.eastmoney.com/a/202607203813407085.html
朝阳科技,300893,2026-07-20 18:06:00,松原安全首获项目定点，销售额约8000万元,,2026-07-29 15:04:28,,,,,,,2026-07-20,http://finance.eastmoney.com/a/202607203813407085.html
朝阳科技,300893,2026-07-20 17:15:00,松原安全：获得汽车制造商客户的项目定点,,2026-07-29 15:04:28,,,,,,,2026-07-20,http://finance.eastmoney.com/a/202607203813369198.html
朝阳科技,300893,2026-07-20 17:15:00,松原安全：获得汽车制造商客户的项目定点,,2026-07-24 09:16:14,,,,,,,2026-07-20,
朝阳科技,300893,2026-07-20 16:47:00,松原安全：获安全带项目定点,,2026-07-24 09:16:14,,,,,,,2026-07-20,
国恩股份,002768,2026-07-20 14:00:00,国恩股份等成立科技新公司 含AI及集成电路业务,,2026-07-29 15:04:28,,,,,,,2026-07-20,http://finance.eastmoney.com/a/202607203813079533.html
国恩股份,2768,2026-07-20 14:00:00,国恩股份等成立科技新公司 含AI及集成电路业务,,2026-07-24 14:22:02,,,,,,,2026-07-20,http://finance.eastmoney.com/a/202607203813079533.html
石药创新,300765,2026-07-20 10:54:59,创新药概念震荡反弹，陇神戎发、海正药业双双涨停,,2026-07-24 09:16:14,,,,,,,2026-07-20,
常山药业,300255,2026-07-20 07:57:57,盘前必读丨证监会将就稳市场召开专题座谈会；“国家队”大额增持A股,,2026-07-29 15:04:28,,,,,,,2026-07-20,http://stock.eastmoney.com/a/202607203811947791.html
常山药业,300255,2026-07-20 07:57:57,盘前必读丨证监会将就稳市场召开专题座谈会；“国家队”大额增持A股,,2026-07-24 09:16:14,,,,,,,2026-07-20,
运达科技,300440,2026-07-19 16:30:00,运达科技：第六届董事会第一次会议决议公告,,2026-07-24 09:16:14,,,,,,,2026-07-19,
运达科技,300440,2026-07-19 16:30:00,运达科技：第六届董事会第一次会议决议公告,,2026-07-29 15:04:28,,,,,,,2026-07-19,http://finance.eastmoney.com/a/202607193811817486.html
翰宇药业,300199,2026-07-19 16:27:00,翰宇药业：2026年第三次临时股东会决议公告,,2026-07-24 09:16:14,,,,,,,2026-07-19,
翰宇药业,300199,2026-07-19 16:27:00,翰宇药业：2026年第三次临时股东会决议公告,,2026-07-29 15:04:28,,,,,,,2026-07-19,http://finance.eastmoney.com/a/202607193811819360.html
上海石化,600688,2026-07-18 16:58:55,沪市主板超半数“报喜”公司上半年净利下限超去年全年,,2026-07-24 14:22:02,,,,,,,2026-07-18,http://finance.eastmoney.com/a/202607183811856549.html
高新兴,300098,2026-07-18 11:38:00,高新兴：子公司中标信阳市电动车登记管理平台项目 中标金额约2013万元,,2026-07-24 14:22:02,,,,,,,2026-07-18,http://finance.eastmoney.com/a/202607183811706175.html
高新兴,300098,2026-07-18 11:38:00,高新兴：子公司中标信阳市电动车登记管理平台项目 中标金额约2013万元,,2026-07-29 15:04:28,,,,,,,2026-07-18,http://finance.eastmoney.com/a/202607183811706175.html
凯发电气,300523,2026-07-18 10:38:27,地下管网5万亿投资大幕拉开 细分领域将迎来新机会,,2026-07-29 15:04:28,,,,,,,2026-07-18,http://finance.eastmoney.com/a/202607183811657572.html
凯发电气,300523,2026-07-18 10:38:27,地下管网5万亿投资大幕拉开 细分领域将迎来新机会,,2026-07-24 09:16:14,,,,,,,2026-07-18,
中科信息,300678,2026-07-18 07:52:00,第十四届西部电博会在成都举行 电子信息产业持续补链强链,,2026-07-29 15:04:28,,,,,,,2026-07-18,http://finance.eastmoney.com/a/202607183811449964.html
中科信息,300678,2026-07-18 07:52:00,第十四届西部电博会在成都举行 电子信息产业持续补链强链,,2026-07-24 09:16:14,,,,,,,2026-07-18,
常山药业,300255,2026-07-17 22:37:00,今夜 38家A股公司提示风险,,2026-07-24 09:16:14,,,,,,,2026-07-17,
常山药业,300255,2026-07-17 22:37:00,今夜 38家A股公司提示风险,,2026-07-29 15:04:28,,,,,,,2026-07-17,http://finance.eastmoney.com/a/202607173811368690.html
常山药业,300255,2026-07-17 22:23:44,7月17日晚间重要公告集锦,,2026-07-24 09:16:14,,,,,,,2026-07-17,
常山药业,300255,2026-07-17 22:23:44,7月17日晚间重要公告集锦,,2026-07-29 15:04:28,,,,,,,2026-07-17,http://finance.eastmoney.com/a/202607173811358743.html
多氟多,2407,2026-07-17 21:03:00,多氟多：公司新建LiFSI项目一期3000吨产能已具备投产条件,,2026-07-24 09:16:14,,,,,,,2026-07-17,
翰宇药业,300199,2026-07-17 20:44:00,翰宇药业：第六届董事会第十六次会议决议公告,,2026-07-24 09:16:14,,,,,,,2026-07-17,
翰宇药业,300199,2026-07-17 20:44:00,翰宇药业：第六届董事会第十六次会议决议公告,,2026-07-29 15:04:28,,,,,,,2026-07-17,http://finance.eastmoney.com/a/202607173811289693.html
多氟多,2407,2026-07-17 20:21:00,多氟多：公司通过产业链协同，实现了氢氟酸、五氯化磷、氟化锂等关键原材料的全部或部分自供,,2026-07-24 14:22:02,,,,,,,2026-07-17,http://finance.eastmoney.com/a/202607173811368883.html
多氟多,2407,2026-07-17 19:59:00,多氟多：公司硼同位素系列产品可应用在原子能工业、半导体、医疗健康、航空航天、新能源等领域,,2026-07-24 09:16:14,,,,,,,2026-07-17,
常山药业,300255,2026-07-17 19:13:00,常山药业：股票交易异常波动公告,,2026-07-24 09:16:14,,,,,,,2026-07-17,
常山药业,300255,2026-07-17 19:13:00,常山药业：股票交易异常波动公告,,2026-07-29 15:04:28,,,,,,,2026-07-17,http://finance.eastmoney.com/a/202607173811216455.html
杰美特,2885,2026-07-17 19:12:00,京泉华：目前公司主营业务稳定,,2026-07-24 09:16:14,,,,,,,2026-07-17,
杰美特,002885,2026-07-17 19:12:00,京泉华：目前公司主营业务稳定,,2026-07-29 15:04:28,,,,,,,2026-07-17,http://finance.eastmoney.com/a/202607173811215121.html
石药创新,300765,2026-07-17 18:31:56,石药创新子公司恩维曲妥珠单抗注射液上市申请获受理,,2026-07-24 08:56:22,,,,,,,2026-07-17,
石药创新,300765,2026-07-17 17:31:20,石药创新恩维曲妥珠单抗注射液上市申请获受理,,2026-07-24 09:16:14,,,,,,,2026-07-17,
石药创新,300765,2026-07-17 16:50:14,石药创新(300765.SZ)：控股子公司恩维曲妥珠单抗注射液（HER2 ADC）上市申请获受理，用于二线及以上HER2阳性乳腺癌,,2026-07-24 09:16:14,,,,,,,2026-07-17,
石药创新,300765,2026-07-17 16:29:00,石药创新：1类新药恩维曲妥珠单抗注射液上市申请获受理,,2026-07-24 09:16:14,,,,,,,2026-07-17,
歌尔股份,2241,2026-07-17 15:59:00,歌尔股份成立科技新公司 含AI相关业务,,2026-07-24 14:22:02,,,,,,,2026-07-17,http://finance.eastmoney.com/a/202607173811040071.html
歌尔股份,002241,2026-07-17 15:59:00,歌尔股份成立科技新公司 含AI相关业务,,2026-07-29 15:04:28,,,,,,,2026-07-17,http://finance.eastmoney.com/a/202607173811040071.html
时代电气,600458,2026-07-17 11:44:35,动力电池之后再攻储能，“宜宾模式”能否再上演产业传奇,,2026-07-24 09:16:14,,,,,,,2026-07-17,
上海石化,600688,2026-07-17 06:30:39,逾80家央企控股上市公司上半年业绩报喜 战略性新兴产业成重要增长极,,2026-07-24 09:16:14,,,,,,,2026-07-17,
恒大高新,2635,2026-07-16 21:35:00,加码布局光模块领域 安洁科技全资子公司完成苏州志烽51%股权收购,,2026-07-24 14:22:02,,,,,,,2026-07-16,http://finance.eastmoney.com/a/202607163809360152.html
恒大高新,002635,2026-07-16 21:35:00,加码布局光模块领域 安洁科技全资子公司完成苏州志烽51%股权收购,,2026-07-29 15:04:28,,,,,,,2026-07-16,http://finance.eastmoney.com/a/202607163809360152.html
中科信息,300678,2026-07-16 20:39:00,第十四届西部电博会成都启幕 中科信息发布多项AI创新成果,,2026-07-24 14:22:02,,,,,,,2026-07-16,http://finance.eastmoney.com/a/202607163809290197.html
道恩股份,2838,2026-07-16 20:07:00,玲珑轮胎：公司与道恩股份合作开发的DVA材料是一种用于轮胎气密层的新型高性能动态硫化合金材料,,2026-07-24 09:16:14,,,,,,,2026-07-16,
道恩股份,002838,2026-07-16 20:07:00,玲珑轮胎：公司与道恩股份合作开发的DVA材料是一种用于轮胎气密层的新型高性能动态硫化合金材料,,2026-07-29 15:04:28,,,,,,,2026-07-16,http://finance.eastmoney.com/a/202607163809251583.html
德赛西威,002920,2026-07-16 20:02:00,德赛西威：公司持续开展新兴领域探索与研究，并已正式发布具身智能基座AI Cube,,2026-07-29 15:04:28,,,,,,,2026-07-16,http://finance.eastmoney.com/a/202607163809249140.html
德赛西威,2920,2026-07-16 20:02:00,德赛西威：公司持续开展新兴领域探索与研究，并已正式发布具身智能基座AI Cube,,2026-07-24 14:22:02,,,,,,,2026-07-16,http://finance.eastmoney.com/a/202607163809249140.html
恒大高新,002635,2026-07-16 19:09:00,安洁科技：关于现金收购苏州志烽密姆粉末冶金有限公司51%股权进展暨完成工商变更登记的公告,,2026-07-29 15:04:28,,,,,,,2026-07-16,http://finance.eastmoney.com/a/202607163809204248.html
恒大高新,2635,2026-07-16 19:09:00,安洁科技：关于现金收购苏州志烽密姆粉末冶金有限公司51%股权进展暨完成工商变更登记的公告,,2026-07-24 14:22:02,,,,,,,2026-07-16,http://finance.eastmoney.com/a/202607163809204248.html
翰宇药业,300199,2026-07-16 16:00:42,翰宇药业：将于2026年07月17日召开2026年第三次临时股东大会,,2026-07-24 09:16:14,,,,,,,2026-07-16,
翰宇药业,300199,2026-07-16 16:00:42,翰宇药业：将于2026年07月17日召开2026年第三次临时股东大会,,2026-07-29 15:04:28,,,,,,,2026-07-16,http://stock.eastmoney.com/a/202607163809048253.html
运达科技,300440,2026-07-16 16:00:32,运达科技：将于2026年07月17日召开2026年第一次临时股东大会,,2026-07-24 14:22:02,,,,,,,2026-07-16,http://stock.eastmoney.com/a/202607163809047687.html
运达科技,300440,2026-07-16 16:00:32,运达科技：将于2026年07月17日召开2026年第一次临时股东大会,,2026-07-29 15:04:28,,,,,,,2026-07-16,http://stock.eastmoney.com/a/202607163809047687.html
福日电子,600203,2026-07-16 15:27:00,涨停股复盘：12股封单超亿元,,2026-07-29 15:04:28,,,,,,,2026-07-16,http://finance.eastmoney.com/a/202607163809021022.html
福日电子,600203,2026-07-16 15:27:00,涨停股复盘：12股封单超亿元,,2026-07-24 14:22:02,,,,,,,2026-07-16,http://finance.eastmoney.com/a/202607163809021022.html
福日电子,600203,2026-07-16 14:16:00,封单超11.7万手，AI手机人气概念龙头股“20cm”涨停！,,2026-07-29 15:04:28,,,,,,,2026-07-16,http://finance.eastmoney.com/a/202607163808936274.html
福日电子,600203,2026-07-16 14:16:00,封单超11.7万手，AI手机人气概念龙头股“20cm”涨停！,,2026-07-24 14:22:02,,,,,,,2026-07-16,http://finance.eastmoney.com/a/202607163808936274.html
福日电子,600203,2026-07-16 12:15:25,【午报】创业板指冲高回落跌1.73%，端侧AI概念逆势爆发，医药板块持续活跃,,2026-07-24 09:16:14,,,,,,,2026-07-16,
福日电子,600203,2026-07-16 12:15:25,【午报】创业板指冲高回落跌1.73%，端侧AI概念逆势爆发，医药板块持续活跃,,2026-07-29 15:04:28,,,,,,,2026-07-16,http://finance.eastmoney.com/a/202607163808807598.html
福日电子,600203,2026-07-16 10:36:38,10点半快评：量能再度萎缩 情绪盘中回暖,,2026-07-29 15:04:28,,,,,,,2026-07-16,http://finance.eastmoney.com/a/202607163808760581.html
福日电子,600203,2026-07-16 10:36:38,10点半快评：量能再度萎缩 情绪盘中回暖,,2026-07-24 14:22:02,,,,,,,2026-07-16,http://finance.eastmoney.com/a/202607163808760581.html
长信科技,300115,2026-07-16 09:56:01,机器人概念震荡拉升 凯尔达涨超15%,,2026-07-29 15:04:28,,,,,,,2026-07-16,http://finance.eastmoney.com/a/202607163808589074.html
长信科技,300115,2026-07-16 09:56:01,机器人概念震荡拉升 凯尔达涨超15%,,2026-07-24 14:22:02,,,,,,,2026-07-16,http://finance.eastmoney.com/a/202607163808589074.html
凯发电气,300523,2026-07-16 07:57:49,事关万亿赛道！高层强调高质量推进城市更新 多家公司透露最新业务进展,,2026-07-29 15:04:28,,,,,,,2026-07-16,http://finance.eastmoney.com/a/202607163808125641.html
凯发电气,300523,2026-07-16 07:57:49,事关万亿赛道！高层强调高质量推进城市更新 多家公司透露最新业务进展,,2026-07-24 09:16:14,,,,,,,2026-07-16,
歌尔股份,2241,2026-07-16 04:49:00,海报观察丨山东“真金白银”抢滩AI终端赛道：从“制造”到“智造”的产业跃迁,,2026-07-24 14:22:02,,,,,,,2026-07-16,http://finance.eastmoney.com/a/202607163808579152.html
歌尔股份,002241,2026-07-16 04:49:00,海报观察丨山东“真金白银”抢滩AI终端赛道：从“制造”到“智造”的产业跃迁,,2026-07-29 15:04:28,,,,,,,2026-07-16,http://finance.eastmoney.com/a/202607163808579152.html
道恩股份,2838,2026-07-15 21:21:00,道恩股份：关于公司股东股份解除质押及再质押的公告,,2026-07-24 14:22:02,,,,,,,2026-07-15,http://finance.eastmoney.com/a/202607153807742055.html
道恩股份,002838,2026-07-15 21:21:00,道恩股份：关于公司股东股份解除质押及再质押的公告,,2026-07-29 15:04:28,,,,,,,2026-07-15,http://finance.eastmoney.com/a/202607153807742055.html
安科生物,300009,2026-07-15 21:19:00,安科生物：关于第九届董事会第六次会议决议的公告,,2026-07-24 09:16:14,,,,,,,2026-07-15,
安科生物,300009,2026-07-15 21:19:00,安科生物：关于第九届董事会第六次会议决议的公告,,2026-07-29 15:04:28,,,,,,,2026-07-15,http://finance.eastmoney.com/a/202607153807737043.html
唐源电气,300789,2026-07-15 21:14:00,唐源电气：2026年第二次临时股东会决议公告,,2026-07-29 15:04:28,,,,,,,2026-07-15,http://finance.eastmoney.com/a/202607153807728973.html
唐源电气,300789,2026-07-15 21:14:00,唐源电气：2026年第二次临时股东会决议公告,,2026-07-24 09:16:14,,,,,,,2026-07-15,
道恩股份,002838,2026-07-15 17:14:00,道恩股份：道恩集团有限公司质押910.00万股用于融资,,2026-07-29 15:04:28,,,,,,,2026-07-15,http://finance.eastmoney.com/a/202607153807528742.html
道恩股份,2838,2026-07-15 17:14:00,道恩股份：道恩集团有限公司质押910.00万股用于融资,,2026-07-24 09:16:14,,,,,,,2026-07-15,
成都华微,688682,2026-07-15 15:41:00,霍莱沃：股东上海莱磁投资合伙企业（有限合伙）解除质押98.00万股,,2026-07-29 15:04:28,,,,,,,2026-07-15,http://finance.eastmoney.com/a/202607153807445238.html
成都华微,688682,2026-07-15 15:41:00,霍莱沃：股东上海莱磁投资合伙企业（有限合伙）解除质押98.00万股,,2026-07-24 14:22:02,,,,,,,2026-07-15,http://finance.eastmoney.com/a/202607153807445238.html
药石科技,300725,2026-07-15 12:16:11,三重利好共振！“CXO或有望复刻2019年史诗牛”,,2026-07-29 15:04:28,,,,,,,2026-07-15,http://finance.eastmoney.com/a/202607153807248426.html
药石科技,300725,2026-07-15 12:16:11,三重利好共振！“CXO或有望复刻2019年史诗牛”,,2026-07-24 09:16:14,,,,,,,2026-07-15,
翰宇药业,300199,2026-07-15 12:12:58,政策+业绩双重共振！创新药掀涨停潮 20股2026业绩预测翻倍,,2026-07-24 09:16:14,,,,,,,2026-07-15,
道恩股份,2838,2026-07-15 12:07:50,道恩股份上半年净利预增超1.7倍 新业务拓展与并表双轮驱动,,2026-07-24 09:16:14,,,,,,,2026-07-15,
道恩股份,002838,2026-07-15 12:07:50,道恩股份上半年净利预增超1.7倍 新业务拓展与并表双轮驱动,,2026-07-29 15:04:28,,,,,,,2026-07-15,http://finance.eastmoney.com/a/202607153807247235.html
药石科技,300725,2026-07-15 11:31:00,药石科技成交额创2026年1月15日以来新高,,2026-07-24 09:16:14,,,,,,,2026-07-15,
药石科技,300725,2026-07-15 11:31:00,药石科技成交额创2026年1月15日以来新高,,2026-07-29 15:04:28,,,,,,,2026-07-15,http://finance.eastmoney.com/a/202607153807240910.html
上海石化,600688,2026-07-15 07:58:08,我国自研T1000级碳纤维实现量产,,2026-07-24 09:16:14,,,,,,,2026-07-15,
时代电气,600458,2026-07-14 20:17:00,时代新材：2025年年度权益分派实施公告,,2026-07-24 14:22:02,,,,,,,2026-07-14,http://finance.eastmoney.com/a/202607143805954166.html
高新兴,300098,2026-07-14 19:27:00,高新兴5G T-Box通过阿联酋eCall认证,,2026-07-29 15:04:28,,,,,,,2026-07-14,http://finance.eastmoney.com/a/202607143805858497.html
高新兴,300098,2026-07-14 19:27:00,高新兴5G T-Box通过阿联酋eCall认证,,2026-07-24 14:22:02,,,,,,,2026-07-14,http://finance.eastmoney.com/a/202607143805858497.html
唐源电气,300789,2026-07-14 16:01:12,唐源电气：将于2026年07月15日召开2026年第二次临时股东大会,,2026-07-24 09:16:14,,,,,,,2026-07-14,
渤海化学,600800,2026-07-14 09:14:24,渤海化学：子公司渤海石化二季度丙烯酸丁酯营收2.47亿元 丙烯价格同比上涨30.89%,,2026-07-29 15:04:28,,,,,,,2026-07-14,http://finance.eastmoney.com/a/202607143804768496.html
渤海化学,600800,2026-07-14 09:14:24,渤海化学：子公司渤海石化二季度丙烯酸丁酯营收2.47亿元 丙烯价格同比上涨30.89%,,2026-07-24 14:22:02,,,,,,,2026-07-14,http://finance.eastmoney.com/a/202607143804768496.html
高新兴,300098,2026-07-14 08:59:51,国标实施在即 高新兴连中两个千万级电动自行车数字化治理项目,,2026-07-24 14:22:02,,,,,,,2026-07-14,http://finance.eastmoney.com/a/202607143804610719.html
杰美特,002885,2026-07-13 22:02:00,京泉华发布上半年预增公告 净利润同比增长57.40%~76.77%,,2026-07-29 15:04:28,,,,,,,2026-07-13,http://finance.eastmoney.com/a/202607133804204679.html
杰美特,2885,2026-07-13 22:02:00,京泉华发布上半年预增公告 净利润同比增长57.40%~76.77%,,2026-07-24 09:16:14,,,,,,,2026-07-13,
杭州柯林,688611,2026-07-13 22:00:00,科创板股今日大宗交易成交明细,,2026-07-24 09:16:14,,,,,,,2026-07-13,
杭州柯林,688611,2026-07-13 21:59:00,杭州柯林7月13日大宗交易成交2193.36万元,,2026-07-24 14:22:02,,,,,,,2026-07-13,http://finance.eastmoney.com/a/202607133804193389.html
渤海化学,600800,2026-07-13 21:15:43,渤海化学：预计2026年上半年亏损2.75亿元-3.15亿元,,2026-07-29 15:04:28,,,,,,,2026-07-13,http://finance.eastmoney.com/a/202607133804149556.html
渤海化学,600800,2026-07-13 21:15:43,渤海化学：预计2026年上半年亏损2.75亿元-3.15亿元,,2026-07-24 14:22:02,,,,,,,2026-07-13,http://finance.eastmoney.com/a/202607133804149556.html
杰美特,002885,2026-07-13 21:04:22,京泉华：预计2026年上半年净利同比增长57.4%-76.77%,,2026-07-29 15:04:28,,,,,,,2026-07-13,http://finance.eastmoney.com/a/202607133804131064.html
杰美特,2885,2026-07-13 21:04:22,京泉华：预计2026年上半年净利同比增长57.4%-76.77%,,2026-07-24 14:22:02,,,,,,,2026-07-13,http://finance.eastmoney.com/a/202607133804131064.html
高新兴,300098,2026-07-13 20:41:07,高新兴：中标广东、福建电动自行车数字化治理项目,,2026-07-24 09:16:14,,,,,,,2026-07-13,
歌尔股份,2241,2026-07-13 20:40:54,银行间市场更新发布专项机构投资人名单评估结果,,2026-07-24 14:22:02,,,,,,,2026-07-13,http://finance.eastmoney.com/a/202607133804070439.html
歌尔股份,002241,2026-07-13 20:40:54,银行间市场更新发布专项机构投资人名单评估结果,,2026-07-29 15:04:28,,,,,,,2026-07-13,http://finance.eastmoney.com/a/202607133804070439.html
杰美特,2885,2026-07-13 20:26:00,京泉华：证券事务代表冯谦因个人原因辞职,,2026-07-24 14:22:02,,,,,,,2026-07-13,http://finance.eastmoney.com/a/202607133804059765.html
杰美特,2885,2026-07-13 20:24:00,京泉华：2026年半年度预计实现归属于上市公司股东的净利润同比增长57.40%至76.77%,,2026-07-24 09:16:14,,,,,,,2026-07-13,
国恩股份,2768,2026-07-13 16:55:00,国恩股份7月13日龙虎榜数据,,2026-07-24 09:16:14,,,,,,,2026-07-13,
国恩股份,002768,2026-07-13 16:55:00,国恩股份7月13日龙虎榜数据,,2026-07-29 15:04:28,,,,,,,2026-07-13,http://finance.eastmoney.com/a/202607133803836928.html
国恩股份,002768,2026-07-13 16:27:14,国恩股份(002768)龙虎榜数据(07-13),,2026-07-29 15:04:28,,,,,,,2026-07-13,http://stock.eastmoney.com/a/202607133803788265.html
国恩股份,2768,2026-07-13 16:27:14,国恩股份(002768)龙虎榜数据(07-13),,2026-07-24 14:22:02,,,,,,,2026-07-13,http://stock.eastmoney.com/a/202607133803788265.html
渤海化学,600800,2026-07-13 16:27:00,渤海化学：上半年净利润预计亏损2.75亿元—3.15亿元,,2026-07-29 15:04:28,,,,,,,2026-07-13,http://finance.eastmoney.com/a/202607133803797420.html
渤海化学,600800,2026-07-13 16:27:00,渤海化学：上半年净利润预计亏损2.75亿元—3.15亿元,,2026-07-24 08:56:22,,,,,,,2026-07-13,
渤海化学,600800,2026-07-13 16:22:00,渤海化学：预计上半年净亏损2.75亿元—3.15亿元,,2026-07-24 08:56:22,,,,,,,2026-07-13,
渤海化学,600800,2026-07-13 16:22:00,渤海化学：预计上半年净亏损2.75亿元—3.15亿元,,2026-07-29 15:04:28,,,,,,,2026-07-13,http://finance.eastmoney.com/a/202607133803791482.html
迈克生物,300463,2026-07-12 17:34:42,AI应用周度观察（2026.07.06-2026.07.12）,,2026-07-24 09:16:14,,,,,,,2026-07-12,
德赛西威,2920,2026-07-11 13:09:03,中国科技出海：越贵越好卖？| 活力中国调研行,,2026-07-24 14:22:02,,,,,,,2026-07-11,http://biz.eastmoney.com/a/202607113802475596.html
国恩股份,002768,2026-07-10 22:30:00,国恩股份：预计上半年净利润6.00亿元~7.50亿元 同比增73.48%~116.85%,,2026-07-29 15:04:28,,,,,,,2026-07-10,http://finance.eastmoney.com/a/202607103802178980.html
渤海化学,600800,2026-07-10 22:30:00,74股每笔成交量增长超50%,,2026-07-29 15:04:28,,,,,,,2026-07-10,http://finance.eastmoney.com/a/202607103802185732.html
渤海化学,600800,2026-07-10 22:30:00,74股每笔成交量增长超50%,,2026-07-24 08:56:22,,,,,,,2026-07-10,
国恩股份,2768,2026-07-10 22:30:00,国恩股份：预计上半年净利润6.00亿元~7.50亿元 同比增73.48%~116.85%,,2026-07-24 09:16:14,,,,,,,2026-07-10,
长信科技,300115,2026-07-10 18:29:00,长盈精密：公司及子公司无逾期对外担保,,2026-07-24 09:16:14,,,,,,,2026-07-10,
长信科技,300115,2026-07-10 18:29:00,长盈精密：公司及子公司无逾期对外担保,,2026-07-29 15:04:28,,,,,,,2026-07-10,http://finance.eastmoney.com/a/202607103801985295.html
唐源电气,300789,2026-07-09 23:31:58,唐源电气与华为签署框架合作协议 携手助力轨道交通产业数字化、智能化升级,,2026-07-24 14:22:02,,,,,,,2026-07-09,http://finance.eastmoney.com/a/202607093800458356.html
安科生物,300009,2026-07-09 23:21:16,安科生物独家经销枸地氯雷他定口服溶液,,2026-07-29 15:04:28,,,,,,,2026-07-09,http://finance.eastmoney.com/a/202607093800447171.html
安科生物,300009,2026-07-09 23:21:16,安科生物独家经销枸地氯雷他定口服溶液,,2026-07-24 09:16:14,,,,,,,2026-07-09,
安科生物,300009,2026-07-09 22:25:00,安科生物推动创新药枸地氯雷他定口服溶液商业化加速,,2026-07-29 15:04:28,,,,,,,2026-07-09,http://finance.eastmoney.com/a/202607093800426894.html
安科生物,300009,2026-07-09 22:25:00,安科生物推动创新药枸地氯雷他定口服溶液商业化加速,,2026-07-24 09:16:14,,,,,,,2026-07-09,
电连技术,300679,2026-07-09 20:38:00,电连技术：截至2026年6月30日公司股东户数为28031户,,2026-07-24 09:16:14,,,,,,,2026-07-09,
运达科技,300440,2026-07-09 20:25:00,运达科技：关于控股股东股权质押情况的公告,,2026-07-29 15:04:28,,,,,,,2026-07-09,http://finance.eastmoney.com/a/202607093800265272.html
运达科技,300440,2026-07-09 20:25:00,运达科技：关于控股股东股权质押情况的公告,,2026-07-24 14:22:02,,,,,,,2026-07-09,http://finance.eastmoney.com/a/202607093800265272.html
安科生物,300009,2026-07-09 20:20:00,安科生物获枸地氯雷他定口服溶液独家总经销权,,2026-07-24 09:16:14,,,,,,,2026-07-09,
运达科技,300440,2026-07-09 17:53:00,运达科技：控股股东质押460万股，累计质押超四成持股,,2026-07-29 15:04:28,,,,,,,2026-07-09,http://finance.eastmoney.com/a/202607093800150866.html
运达科技,300440,2026-07-09 17:53:00,运达科技：控股股东质押460万股，累计质押超四成持股,,2026-07-24 14:22:02,,,,,,,2026-07-09,http://finance.eastmoney.com/a/202607093800150866.html
长信科技,300115,2026-07-09 17:13:00,政策红利密集释放 长盈精密精准卡位储能赛道,,2026-07-24 14:22:02,,,,,,,2026-07-09,http://finance.eastmoney.com/a/202607093800171124.html
运达科技,300440,2026-07-09 16:50:00,运达科技：运达创新质押460.00万股用于融资需求,,2026-07-24 14:22:02,,,,,,,2026-07-09,http://finance.eastmoney.com/a/202607093800081076.html
运达科技,300440,2026-07-09 16:50:00,运达科技：运达创新质押460.00万股用于融资需求,,2026-07-29 15:04:28,,,,,,,2026-07-09,http://finance.eastmoney.com/a/202607093800081076.html
迈克生物,300463,2026-07-09 11:46:00,迈克生物与华为签署合作协议 推动数智技术与体外诊断产业深度融合,,2026-07-24 09:16:14,,,,,,,2026-07-09,
电连技术,300679,2026-07-08 11:49:05,苹果折叠屏进入量产 供应链或迎价值重估 这8股业绩倍增可期(名单),,2026-07-24 09:16:14,,,,,,,2026-07-08,
药石科技,300725,2026-07-07 16:46:00,药石科技：公司已将整体发展战略定位升级为“下一代疗法的绿色智能引擎”,,2026-07-29 15:04:28,,,,,,,2026-07-07,http://finance.eastmoney.com/a/202607073796778632.html
药石科技,300725,2026-07-07 16:46:00,药石科技：公司已将整体发展战略定位升级为“下一代疗法的绿色智能引擎”,,2026-07-24 09:16:14,,,,,,,2026-07-07,
德赛西威,2920,2026-07-06 16:44:43,活力中国调研行丨AI工友上岗，智慧车间提效降本,,2026-07-24 14:22:02,,,,,,,2026-07-06,http://finance.eastmoney.com/a/202607063795171164.html
药石科技,300725,2026-07-03 19:54:00,药石科技：第四届董事会第十五次会议决议公告,,2026-07-29 15:04:28,,,,,,,2026-07-03,http://finance.eastmoney.com/a/202607033793737030.html
药石科技,300725,2026-07-03 19:54:00,药石科技：第四届董事会第十五次会议决议公告,,2026-07-24 09:16:14,,,,,,,2026-07-03,
电连技术,300679,2026-07-03 16:09:00,电连技术等成立光子科技公司,,2026-07-24 09:16:14,,,,,,,2026-07-03,
杭州柯林,688611,2026-07-03 13:05:56,存储芯片午后走强，德明利涨停,,2026-07-24 09:16:14,,,,,,,2026-07-03,
杭州柯林,688611,2026-07-03 09:46:32,存储芯片概念短线拉升，天山电子20cm涨停,,2026-07-24 14:22:02,,,,,,,2026-07-03,http://finance.eastmoney.com/a/202607033792962463.html
药石科技,300725,2026-07-02 21:50:00,药石科技：公司持续开展技术交流活动并积极拓展海外客户与业务机会,,2026-07-24 09:16:14,,,,,,,2026-07-02,
成都华微,688682,2026-07-01 20:51:00,霍莱沃：关于公司核心技术人员离职的公告,,2026-07-24 14:22:02,,,,,,,2026-07-01,http://finance.eastmoney.com/a/202607013790517452.html
成都华微,688682,2026-07-01 20:51:00,霍莱沃：关于公司核心技术人员离职的公告,,2026-07-29 15:04:28,,,,,,,2026-07-01,http://finance.eastmoney.com/a/202607013790517452.html
中铁工业,600528,2026-07-01 18:51:33,新疆交建：联合体中标伊宁至阿克苏铁路S5标段 中标价约21亿元,,2026-07-24 09:16:14,,,,,,,2026-07-01,
中铁工业,600528,2026-07-01 18:51:33,新疆交建：联合体中标伊宁至阿克苏铁路S5标段 中标价约21亿元,,2026-07-29 15:04:28,,,,,,,2026-07-01,http://finance.eastmoney.com/a/202607013790384829.html
成都华微,688682,2026-07-01 16:44:16,霍莱沃：核心技术人员任振离职,,2026-07-29 15:04:28,,,,,,,2026-07-01,http://finance.eastmoney.com/a/202607013790255082.html
成都华微,688682,2026-07-01 16:44:16,霍莱沃：核心技术人员任振离职,,2026-07-24 14:22:02,,,,,,,2026-07-01,http://finance.eastmoney.com/a/202607013790255082.html
鼎汉技术,300011,2026-06-30 21:03:14,广州工控旗下鼎汉技术中标北京地铁改造项目，在存量升级赛道实现关键突破,,2026-07-24 14:22:02,,,,,,,2026-06-30,http://finance.eastmoney.com/a/202606303788613611.html
鼎汉技术,300011,2026-06-30 21:03:14,广州工控旗下鼎汉技术中标北京地铁改造项目，在存量升级赛道实现关键突破,,2026-07-29 15:04:28,,,,,,,2026-06-30,http://finance.eastmoney.com/a/202606303788613611.html
成都华微,688682,2026-06-29 21:36:00,霍莱沃：关于获得政府补助的公告,,2026-07-24 09:16:14,,,,,,,2026-06-29,
成都华微,688682,2026-06-29 21:36:00,霍莱沃：关于获得政府补助的公告,,2026-07-29 15:04:28,,,,,,,2026-06-29,http://finance.eastmoney.com/a/202606293786986512.html
中科信息,300678,2026-06-28 16:04:18,中科信息：将于2026年06月29日召开2026年第一次临时股东大会,,2026-07-24 14:22:02,,,,,,,2026-06-28,http://stock.eastmoney.com/a/202606283785558114.html
中科信息,300678,2026-06-26 20:09:00,中科信息：公司参股公司中钞科信将高速机器视觉检测技术应用到玻璃基板检测领域,,2026-07-24 14:22:02,,,,,,,2026-06-26,http://finance.eastmoney.com/a/202606263785005021.html
中铁工业,600528,2026-06-26 19:17:00,中铁工业：关于董事会秘书、证券事务代表辞职的公告,,2026-07-24 09:16:14,,,,,,,2026-06-26,
中铁工业,600528,2026-06-26 19:17:00,中铁工业：2025年年度股东会决议公告,,2026-07-24 09:16:14,,,,,,,2026-06-26,
中铁工业,600528,2026-06-26 18:25:00,中铁工业：董事会秘书、证券事务代表葛瑞鹏辞职,,2026-07-24 14:22:02,,,,,,,2026-06-26,http://finance.eastmoney.com/a/202606263784896760.html
中铁工业,600528,2026-06-25 16:00:50,中铁工业：将于2026年06月26日召开2025年年度股东大会,,2026-07-24 09:16:14,,,,,,,2026-06-25,
