股票代码,股票名称,除净日,分红方案,截至过户日,最新公告日期,财政年度,分配类型,发放日
3968.HK,招商银行,2026-01-14,每股派人民币1.013元(相当于港币1.118595元),2026/01/16-2026/01/21,2025-12-29,2025,中期分配,
1288.HK,农业银行,2025-12-05,每股派人民币0.1195元(相当于港币0.1316276元),2025/12/09-2025/12/12,2025-12-15,2025,中期分配,
1398.HK,工商银行,2025-12-04,每股派人民币0.1414元(相当于港币0.15575元),2025/12/08-2025/12/12,2025-12-15,2025,中期分配,
0939.HK,建设银行,2025-12-03,每股派人民币0.1858元(相当于港币0.204656204元),2025/12/05-2025/12/10,2025-12-12,2025,中期分配,
0005.HK,汇丰银行,2025-11-06,每股派美元0.1元(相当于港币0.777722元),,2025-12-08,2025,三季度分配,
1088.HK,中国神华,2025-10-30,每股派人民币0.98元(相当于港币1.096元),2025/11/01-2025/11/07,2025-10-27,2025,中期分配,
1330.HK,绿色动力环保,2025-10-02,每股派人民币0.1元(相当于港币0.1095元),2025/10/06-2025/10/10,2025-10-22,2025,中期分配,
0883.HK,中国海洋石油,2025-09-11,每股派港币0.73元,2025/09/15-2025/09/19,2025-08-27,2025,中期分配,
1299.HK,友邦保险,2025-09-05,每股派港币0.49元,,2025-08-21,2025,中期分配,
0388.HK,香港交易所,2025-09-02,每股派港币6元,2025/09/04-2025/09/05,2025-08-20,2025,中期分配,
0941.HK,中国移动,2025-09-01,每股派人民币2.508元(相当于港币2.75元),2025/09/03-2025/09/05,2025-08-07,2025,中期分配,
0728.HK,中国电信,2025-08-27,每股派人民币0.1812元(相当于港币0.199264元),2025/08/29-2025/09/03,2025-08-14,2025,中期分配,
0005.HK,汇丰银行,2025-08-14,每股派美元0.1元(相当于港币0.777678元),,2025-09-15,2025,二季度分配,
1138.HK,中远海能,2025-07-17,每股派人民币0.21元(相当于港币0.23028元),2025/07/19-2025/07/24,2025-06-30,2024,年度分配,
1288.HK,农业银行,2025-07-09,每股派人民币0.1255元(相当于港币0.1375342元),2025/07/11-2025/07/16,2025-06-27,2024,年度分配,
1330.HK,绿色动力环保,2025-07-08,每股派人民币0.2元(相当于港币0.219元),2025/07/10-2025/07/15,2025-06-25,2024,年度分配,
3968.HK,招商银行,2025-07-03,每股派人民币2元(相当于港币2.189861元),2025/07/05-2025/07/10,2025-06-26,2024,年度分配,
1398.HK,工商银行,2025-07-03,每股派人民币0.1646元(相当于港币0.180384元),2025/07/07-2025/07/11,2025-06-27,2024,年度分配,
1088.HK,中国神华,2025-06-26,每股派人民币2.26元(相当于港币2.4486元),2025/06/28-2025/07/04,2025-06-20,2024,年度分配,
0883.HK,中国海洋石油,2025-06-12,每股派港币0.66元,2025/06/16-2025/06/20,2025-06-05,2024,年度分配,
9988.HK,阿里巴巴-SW,2025-06-11,每股派美元0.11875元(相当于港币0.926765元(计算值)),,2025-05-15,2024,特别分配,
9988.HK,阿里巴巴-SW,2025-06-11,每股派美元0.13125元(相当于港币1.024319元(计算值)),,2025-05-15,2024,年度分配,
1211.HK,比亚迪股份,2025-06-10,"每股派人民币3.974元(相当于港币4.33596元),每10股派送8股,每10股转12股",2025/06/12-2025/06/17,2025-06-06,2024,年度分配,
0941.HK,中国移动,2025-06-06,每股派人民币2.2916元(相当于港币2.49元),2025/06/10-2025/06/12,2025-05-22,2024,年度分配,
0728.HK,中国电信,2025-06-03,每股派人民币0.0927元(相当于港币0.100637元),2025/06/05-2025/06/10,2025-05-21,2024,年度分配,
1299.HK,友邦保险,2025-05-28,每股派港币1.3098元,,2025-05-23,2024,年度分配,
0700.HK,腾讯控股,2025-05-16,每股派港币4.5元,2025/05/20-2025/05/21,2025-05-14,2024,年度分配,
0005.HK,汇丰银行,2025-05-08,每股派美元0.1元(相当于港币0.783972元),,2025-06-09,2025,一季度分配,
0939.HK,建设银行,2025-04-30,每股派人民币0.206元(相当于港币0.22177484元),2025/05/03-2025/05/08,2025-04-22,2024,年度分配,
0388.HK,香港交易所,2025-03-12,每股派港币4.9元,2025/03/14-2025/03/17,2025-02-27,2024,年度分配,
0005.HK,汇丰银行,2025-03-06,每股派美元0.36元(相当于港币2.791007元),,2025-04-14,2024,四季度分配,
0939.HK,建设银行,2025-01-02,每股派人民币0.197元(相当于港币0.21313104元),2025/01/04-2025/01/09,2024-11-28,2024,中期分配,
1288.HK,农业银行,2025-01-02,每股派人民币0.1164元(相当于港币0.1260354元),2025/01/04-2025/01/07,2024-11-29,2024,中期分配,
1398.HK,工商银行,2025-01-02,每股派人民币0.1434元(相当于港币0.155291元),2025/01/04-2025/01/06,2024-12-02,2024,中期分配,
1138.HK,中远海能,2024-11-18,每股派人民币0.22元(相当于港币0.24178元),2024/11/20-2024/11/25,2024-10-14,2024,中期分配,
0005.HK,汇丰银行,2024-11-07,每股派美元0.1元(相当于港币0.777313元),,2024-12-09,2024,三季度分配,
1330.HK,绿色动力环保,2024-09-26,每股派人民币0.1元(相当于港币0.1099元),2024/09/30-2024/10/04,2024-09-26,2024,中期分配,
0883.HK,中国海洋石油,2024-09-12,每股派港币0.74元,2024/09/16-2024/09/20,2024-08-28,2024,中期分配,
1299.HK,友邦保险,2024-09-09,每股派港币0.445元,,2024-09-06,2024,中期分配,
0728.HK,中国电信,2024-09-03,每股派人民币0.1671元(相当于港币0.182289元),2024/09/05-2024/09/10,2024-08-20,2024,中期分配,
0388.HK,香港交易所,2024-09-03,每股派港币4.36元,2024/09/05-2024/09/06,2024-08-21,2024,中期分配,
0941.HK,中国移动,2024-09-02,每股派人民币2.373元(相当于港币2.6元),2024/09/04-2024/09/06,2024-08-08,2024,中期分配,
0005.HK,汇丰银行,2024-08-15,每股派美元0.1元(相当于港币0.779073元),,2024-09-16,2024,二季度分配,
1138.HK,中远海能,2024-07-17,每股派人民币0.35元(相当于港币0.38349元),2024/07/19-2024/07/24,2024-06-28,2023,年度分配,
1398.HK,工商银行,2024-07-08,每股派人民币0.3064元(相当于港币0.335715元),2024/07/10-2024/07/15,2024-06-28,2023,年度分配,
0939.HK,建设银行,2024-07-04,每股派人民币0.4元(相当于港币0.43839268元),2024/07/06-2024/07/11,2024-06-27,2023,年度分配,
3968.HK,招商银行,2024-07-03,每股派人民币1.972元(相当于港币2.162044元),2024/07/05-2024/07/10,2024-06-26,2023,年度分配,
1088.HK,中国神华,2024-06-27,每股派人民币2.26元(相当于港币2.491元),2024/06/29-2024/07/05,2024-06-21,2023,年度分配,
0883.HK,中国海洋石油,2024-06-13,每股派港币0.66元,2024/06/17-2024/06/21,2024-06-07,2023,年度分配,
9988.HK,阿里巴巴-SW,2024-06-12,每股派美元0.125元(相当于港币0.97641元(计算值)),,2024-05-14,2023,年度分配,
9988.HK,阿里巴巴-SW,2024-06-12,每股派美元0.0825元(相当于港币0.644431元(计算值)),,2024-05-14,2023,特别分配,
1211.HK,比亚迪股份,2024-06-11,每股派人民币3.098元(相当于港币3.40609元),2024/06/13-2024/06/18,2024-06-14,2023,年度分配,
0941.HK,中国移动,2024-06-06,每股派港币2.4元,2024/06/11-2024/06/13,2024-05-22,2023,年度分配,
0728.HK,中国电信,2024-06-05,每股派人民币0.09元(相当于港币0.098814元),2024/06/07-2024/06/12,2024-05-27,2023,年度分配,
1347.HK,华虹半导体,2024-06-03,每股派港币0.165元,2024/06/05-2024/06/06,2024-05-09,2023,年度分配,
1288.HK,农业银行,2024-05-30,每股派人民币0.2309元(相当于港币0.2533104元),2024/06/01-2024/06/06,2024-05-21,2023,年度分配,
1299.HK,友邦保险,2024-05-29,每股派港币1.1907元,,2024-05-24,2023,年度分配,
0700.HK,腾讯控股,2024-05-17,每股派港币3.4元,2024/05/21-2024/05/22,2024-05-14,2023,年度分配,
0005.HK,汇丰银行,2024-05-09,每股派美元0.21元(相当于港币1.639445元),,2024-06-12,2024,特别分配,
0005.HK,汇丰银行,2024-05-09,每股派美元0.1元(相当于港币0.780688元),,2024-06-11,2024,一季度分配,
1330.HK,绿色动力环保,2024-05-06,每股派人民币0.15元(相当于港币0.165元),2024/05/08-2024/05/13,2024-04-29,2023,年度分配,
0388.HK,香港交易所,2024-03-13,每股派港币3.91元,2024/03/15-2024/03/18,2024-02-29,2023,年度分配,
0005.HK,汇丰银行,2024-03-07,每股派美元0.31元(相当于港币2.424339元(计算值)),,2024-02-21,2023,四季度分配,
9988.HK,阿里巴巴-SW,2023-12-20,每股派美元0.125元(相当于港币0.975932元(计算值)),,2023-11-16,2022,年度分配,
0005.HK,汇丰银行,2023-11-09,每股派美元0.1元(相当于港币0.780278元),,2023-12-11,2023,三季度分配,
1299.HK,友邦保险,2023-09-11,每股派港币0.4229元,,2023-09-08,2023,中期分配,
0883.HK,中国海洋石油,2023-09-07,每股派港币0.59元,2023/09/12-2023/09/15,2023-08-17,2023,中期分配,
0941.HK,中国移动,2023-09-04,每股派人民币2.24元(相当于港币2.43元),2023/09/06-2023/09/08,2023-08-10,2023,中期分配,
0388.HK,香港交易所,2023-08-29,每股派港币4.5元,2023/08/31-2023/09/01,2023-08-16,2023,中期分配,
0728.HK,中国电信,2023-08-23,每股派人民币0.1432元(相当于港币0.156524元),2023/08/25-2023/08/30,2023-08-08,2023,中期分配,
0005.HK,汇丰银行,2023-08-10,每股派美元0.1元(相当于港币0.783202元),,2023-09-11,2023,二季度分配,
1138.HK,中远海能,2023-07-18,每股派人民币0.15元(相当于港币0.16272元),2023/07/20-2023/07/25,2023-06-29,2022,年度分配,
1288.HK,农业银行,2023-07-10,每股派人民币0.2222元(相当于港币0.2410423元),2023/07/12-2023/07/17,2023-06-29,2022,年度分配,
1398.HK,工商银行,2023-07-06,每股派人民币0.3035元(相当于港币0.329236元),2023/07/08-2023/07/14,2023-06-29,2022,年度分配,
0939.HK,建设银行,2023-07-06,每股派人民币0.389元(相当于港币0.42198670元),2023/07/08-2023/07/13,2023-06-29,2022,年度分配,
3968.HK,招商银行,2023-07-05,每股派人民币1.738元(相当于港币1.890363元),2023/07/07-2023/07/12,2023-06-28,2022,年度分配,
1330.HK,绿色动力环保,2023-06-28,每股派人民币0.12元(相当于港币0.1316元),2023/06/30-2023/07/05,2023-06-16,2022,年度分配,
1088.HK,中国神华,2023-06-21,每股派人民币2.55元(相当于港币2.909元),2023/06/24-2023/06/30,2023-06-16,2022,年度分配,
1211.HK,比亚迪股份,2023-06-13,每股派人民币1.142元(相当于港币1.26019元),2023/06/15-2023/06/20,2023-06-12,2022,年度分配,
0883.HK,中国海洋石油,2023-06-08,每股派港币0.75元,2023/06/12-2023/06/16,2023-05-31,2022,年度分配,
0941.HK,中国移动,2023-06-07,每股派港币2.21元,2023/06/09-2023/06/13,2023-05-24,2022,年度分配,
0728.HK,中国电信,2023-05-31,每股派人民币0.076元(相当于港币0.085065元),2023/06/02-2023/06/08,2023-05-23,2022,年度分配,
1299.HK,友邦保险,2023-05-23,每股派港币1.134元,,2023-05-18,2022,年度分配,
0700.HK,腾讯控股,2023-05-19,每股派港币2.4元,2023/05/23-2023/05/24,2023-05-17,2022,年度分配,
0005.HK,汇丰银行,2023-05-11,每股派美元0.1元(相当于港币0.783215元),,2023-06-12,2023,一季度分配,
0388.HK,香港交易所,2023-03-08,每股派港币3.69元,2023/03/10-2023/03/13,2023-02-23,2022,年度分配,
0005.HK,汇丰银行,2023-03-02,每股派美元0.23元(相当于港币1.804399元),,2023-04-17,2022,年度分配,
0700.HK,腾讯控股,2023-01-05,特殊说明:每10股分派1股美团B类普通股股份(相当于每股派18.13港元),2023/01/09-2023/01/10,2022-11-16,2022,特别分配,
1299.HK,友邦保险,2022-09-09,每股派港币0.4028元,,2022-08-25,2022,中期分配,
0941.HK,中国移动,2022-09-06,每股派港币2.2元,2022/09/08-2022/09/13,2022-08-11,2022,中期分配,
0883.HK,中国海洋石油,2022-09-06,每股派港币0.7元,2022/09/08-2022/09/12,2022-08-25,2022,中期分配,
0728.HK,中国电信,2022-08-31,每股派人民币0.12元(相当于港币0.139523元),2022/09/02-2022/09/07,2022-08-16,2022,中期分配,
0388.HK,香港交易所,2022-08-30,每股派港币3.45元,2022/09/01-2022/09/02,2022-08-17,2022,中期分配,
0005.HK,汇丰银行,2022-08-18,每股派美元0.09元(相当于港币0.706305元),,2022-09-20,2022,二季度分配,
1288.HK,农业银行,2022-07-07,每股派人民币0.2068元(相当于港币0.2420327元),2022/07/09-2022/07/14,2022-06-29,2021,年度分配,
3968.HK,招商银行,2022-07-07,每股派人民币1.522元(相当于港币1.783454元),2022/07/09-2022/07/14,2022-06-30,2021,年度分配,
1398.HK,工商银行,2022-07-04,每股派人民币0.2933元(相当于港币0.343218元),2022/07/06-2022/07/11,2022-06-23,2021,年度分配,
0939.HK,建设银行,2022-06-29,每股派人民币0.364元(相当于港币0.4259502元),2022/07/02-2022/07/07,2022-06-23,2021,年度分配,
1088.HK,中国神华,2022-06-29,每股派人民币2.54元(相当于港币3.125元),2022/07/01-2022/07/08,2022-06-24,2021,年度分配,
1330.HK,绿色动力环保,2022-06-28,每股派人民币0.1元(相当于港币0.11674元),2022/06/30-2022/07/05,2022-06-23,2021,年度分配,
1211.HK,比亚迪股份,2022-06-13,每股派人民币0.105元(相当于港币0.12345元),2022/06/15-2022/06/20,2022-06-21,2021,年度分配,
0883.HK,中国海洋石油,2022-06-09,每股派港币1.18元,2022/06/13-2022/06/17,2022-07-08,2021,特别分配,
0728.HK,中国电信,2022-05-31,每股派人民币0.17元(相当于港币0.197211元),2022/06/02-2022/06/07,2022-05-19,2021,年度分配,
0941.HK,中国移动,2022-05-25,每股派人民币2.0939元(相当于港币2.43元),2022/05/27-2022/05/31,2022-05-18,2021,年度分配,
1299.HK,友邦保险,2022-05-24,每股派港币1.08元,,2022-05-19,2021,年度分配,
0700.HK,腾讯控股,2022-05-20,每股派港币1.6元,2022/05/24-2022/05/25,2022-05-18,2021,年度分配,
0005.HK,汇丰银行,2022-03-10,每股派美元0.18元(相当于港币1.411736元),,2022-04-19,2021,年度分配,
0388.HK,香港交易所,2022-03-09,每股派港币4.18元,2022/03/11-2022/03/14,2022-02-24,2021,年度分配,
0700.HK,腾讯控股,2022-01-20,特殊说明:每21股腾讯股份分派1股京东集团A类普通股股份,2022/01/24-2022/01/25,2022-03-25,2021,特别分配,
1299.HK,友邦保险,2021-09-02,每股派港币0.38元,,2021-08-17,2021,中期分配,
0883.HK,中国海洋石油,2021-09-02,每股派港币0.3元,2021/09/06-2021/09/10,2021-08-19,2021,中期分配,
0941.HK,中国移动,2021-08-25,每股派人民币1.356元(相当于港币1.63元),2021/08/27-2021/08/31,2021-08-12,2021,中期分配,
0388.HK,香港交易所,2021-08-24,每股派港币4.69元,2021/08/26-2021/08/27,2021-08-11,2021,中期分配,
0005.HK,汇丰银行,2021-08-19,每股派美元0.07元(相当于港币0.5450767元),,2021-09-20,2021,二季度分配,
1138.HK,中远海能,2021-07-16,每股派人民币0.2元(相当于港币0.24036元),2021/07/20-2021/07/23,2021-06-30,2020,年度分配,
0939.HK,建设银行,2021-07-07,每股派人民币0.326元(相当于港币0.39083574元),2021/07/09-2021/07/14,2021-10-29,2020,年度分配,
3968.HK,招商银行,2021-07-05,每股派人民币1.253元(相当于港币1.504382元),2021/07/07-2021/07/12,2021-06-28,2020,年度分配,
1088.HK,中国神华,2021-06-30,每股派人民币1.81元(相当于港币2.157279元),2021/07/03-2021/07/09,2021-06-25,2020,年度分配,
1398.HK,工商银行,2021-06-28,每股派人民币0.266元(相当于港币0.31991148元),2021/06/30-2021/07/05,2021-06-21,2020,年度分配,
1211.HK,比亚迪股份,2021-06-10,每股派人民币0.148元(相当于港币0.17988元),2021/06/15-2021/06/18,2021-07-29,2020,年度分配,
1288.HK,农业银行,2021-06-09,每股派人民币0.1851元(相当于港币0.2244153元),2021/06/11-2021/06/16,2021-05-27,2020,年度分配,
0883.HK,中国海洋石油,2021-06-03,每股派港币0.25元,2021/06/07-2021/06/11,2021-05-21,2020,年度分配,
1299.HK,友邦保险,2021-05-25,每股派港币1.003元,,2021-05-20,2020,年度分配,
0700.HK,腾讯控股,2021-05-24,每股派港币1.6元,2021/05/26-2021/05/27,2021-05-20,2020,年度分配,
1330.HK,绿色动力环保,2021-05-18,每股派人民币0.2元(相当于港币0.236863元(计算值)),2021/05/21-2021/05/27,2021-05-14,2020,年度分配,
0728.HK,中国电信,2021-05-11,每股派人民币0.104269元(相当于港币0.125元),2021/05/13-2021/05/18,2021-05-07,2020,年度分配,
0941.HK,中国移动,2021-05-03,每股派港币1.76元,2021/05/05-2021/05/07,2021-04-29,2020,年度分配,
0005.HK,汇丰银行,2021-03-11,每股派美元0.15元(相当于港币1.165354元),,2021-02-23,2020,年度分配,
0388.HK,香港交易所,2021-03-09,每股派港币4.46元(可选择以股代息),2021/03/11-2021/03/12,2021-02-24,2020,年度分配,
1299.HK,友邦保险,2020-09-07,每股派港币0.35元,,2020-08-20,2020,中期分配,
0883.HK,中国海洋石油,2020-09-03,每股派港币0.2元,2020/09/07-2020/09/11,2020-08-19,2020,中期分配,
0388.HK,香港交易所,2020-09-01,每股派港币3.71元,2020/09/03-2020/09/04,2020-08-19,2020,中期分配,
0941.HK,中国移动,2020-08-27,每股派港币1.53元,2020/08/31-2020/09/02,2020-08-13,2020,中期分配,
1138.HK,中远海能,2020-07-06,每股派人民币0.04元(相当于港币0.043747元),2020/07/08-2020/07/13,2020-06-22,2019,年度分配,
3968.HK,招商银行,2020-07-02,每股派人民币1.2元(相当于港币1.312767元),2020/07/04-2020/07/09,2020-06-24,2019,年度分配,
0939.HK,建设银行,2020-07-02,每股派人民币0.32元(相当于港币0.34974207元),2020/07/04-2020/07/09,2020-06-19,2019,年度分配,
1288.HK,农业银行,2020-07-02,每股派人民币0.1819元(相当于港币0.1991003元),2020/07/04-2020/07/09,2020-06-29,2019,年度分配,
1211.HK,比亚迪股份,2020-06-26,每股派人民币0.06元(相当于港币0.06562元),2020/06/30-2020/07/06,2020-08-11,2019,年度分配,
1398.HK,工商银行,2020-06-22,每股派人民币0.2628元(相当于港币0.287433元),2020/06/24-2020/06/29,2020-06-12,2019,年度分配,
0883.HK,中国海洋石油,2020-06-04,每股派港币0.45元,2020/06/08-2020/06/12,2020-05-21,2019,年度分配,
1088.HK,中国神华,2020-06-04,每股派人民币1.26元(相当于港币1.378707元),2020/06/06-2020/06/12,2020-05-29,2019,年度分配,
1299.HK,友邦保险,2020-06-03,每股派港币0.933元,,2020-05-29,2019,年度分配,
0728.HK,中国电信,2020-06-01,每股派人民币0.114441元(相当于港币0.125元),2020/06/03-2020/06/09,2020-05-26,2019,年度分配,
1330.HK,绿色动力环保,2020-05-26,每股派人民币0.1元(相当于港币0.110085元(计算值)),2020/05/28-2020/06/03,2020-05-22,2019,年度分配,
0941.HK,中国移动,2020-05-25,每股派人民币1.543元(相当于港币1.723元),2020/05/27-2020/05/29,2020-05-20,2019,年度分配,
0700.HK,腾讯控股,2020-05-15,每股派港币1.2元,2020/05/19-2020/05/20,2020-05-13,2019,年度分配,
0388.HK,香港交易所,2020-03-11,每股派港币2.99元(可选择以股代息),2020/03/13-2020/03/16,2020-04-15,2019,年度分配,
0005.HK,汇丰银行,2019-10-10,每股派美元0.1元(相当于港币0.783290元)(可选择以股代息),,2019-11-13,2019,三季度分配,
0883.HK,中国海洋石油,2019-09-12,每股派港币0.33元,2019/09/16-2019/09/20,2019-08-29,2019,中期分配,
1299.HK,友邦保险,2019-09-09,每股派港币0.333元,,2019-08-23,2019,中期分配,
0941.HK,中国移动,2019-08-29,每股派港币1.527元,2019/09/02-2019/09/04,2019-08-08,2019,中期分配,
0388.HK,香港交易所,2019-08-27,每股派港币3.72元(可选择以股代息),2019/08/29-2019/08/30,2019-09-10,2019,中期分配,
0005.HK,汇丰银行,2019-08-15,每股派美元0.1元(相当于港币0.781801元)(可选择以股代息),,2019-09-27,2019,二季度分配,
3968.HK,招商银行,2019-07-04,每股派人民币0.94元(相当于港币1.070006元),2019/07/06-2019/07/11,2019-06-27,2018,年度分配,
0939.HK,建设银行,2019-07-02,每股派人民币0.306元(相当于港币0.34897645元),2019/07/04-2019/07/09,2019-06-21,2018,年度分配,
1088.HK,中国神华,2019-06-27,每股派人民币0.88元(相当于港币1.031435元(计算值)),2019/06/29-2019/07/05,2019-06-21,2018,年度分配,
1398.HK,工商银行,2019-06-25,每股派人民币0.2506元(相当于港币0.284773元),2019/06/27-2019/07/02,2019-06-20,2018,年度分配,
1138.HK,中远海能,2019-06-13,每股派人民币0.02元(相当于港币0.022757元),2019/06/15-2019/06/20,2019-06-10,2018,年度分配,
1288.HK,农业银行,2019-06-11,每股派人民币0.1739元(相当于港币0.1978497元),2019/06/13-2019/06/18,2019-05-30,2018,年度分配,
1211.HK,比亚迪股份,2019-06-11,每股派人民币0.204元(相当于港币0.23216元),2019/06/13-2019/06/18,2019-07-18,2018,年度分配,
1330.HK,绿色动力环保,2019-06-10,每股派人民币0.1元(相当于港币0.116701元),2019/06/12-2019/06/17,2019-06-05,2018,年度分配,
0883.HK,中国海洋石油,2019-06-05,每股派港币0.4元,2019/06/10-2019/06/14,2019-05-23,2018,年度分配,
0728.HK,中国电信,2019-06-03,每股派人民币0.109851元(相当于港币0.125元),2019/06/05-2019/06/11,2019-05-29,2018,年度分配,
0941.HK,中国移动,2019-05-27,每股派港币1.391元,2019/05/29-2019/05/31,2019-05-22,2018,年度分配,
1299.HK,友邦保险,2019-05-21,每股派港币0.848元,,2019-05-17,2018,年度分配,
1299.HK,友邦保险,2019-05-21,每股派港币0.095元,,2019-05-17,2018,特别分配,
0700.HK,腾讯控股,2019-05-17,每股派港币1元,2019/05/21-2019/05/22,2019-05-15,2018,年度分配,
0005.HK,汇丰银行,2019-05-16,每股派美元0.1元(相当于港币0.781276元)(可选择以股代息),,2019-06-26,2019,一季度分配,
1347.HK,华虹半导体,2019-05-14,每股派港币0.31元,2019/05/16-2019/05/17,2019-05-09,2018,年度分配,
0388.HK,香港交易所,2019-03-12,每股派港币3.07元(可选择以股代息),2019/03/14-2019/03/15,2019-04-15,2018,年度分配,
0005.HK,汇丰银行,2019-02-21,每股派美元0.21元(相当于港币1.648044元(计算值))(可选择以股代息),,2019-02-19,2018,年度分配,
0700.HK,腾讯控股,2018-12-28,每3900股分派1股腾讯音乐娱乐集团美国预托股份,2019/01/03-2019/01/04,2018-12-13,2018,特别分配,
0005.HK,汇丰银行,2018-10-11,每股派美元0.1元(相当于港币0.78177元(计算值))(可选择以股代息),,2018-10-23,2018,三季度分配,
1299.HK,友邦保险,2018-09-10,每股派港币0.2920元,,2018-08-24,2018,中期分配,
0883.HK,中国海洋石油,2018-09-06,每股派港币0.30元,2018/09/10-2018/09/14,2018-08-23,2018,中期分配,
0941.HK,中国移动,2018-08-30,每股派人民币1.540元(相当于港币1.826元),2018/09/03-2018/09/05,2018-08-09,2018,中期分配,
0388.HK,香港交易所,2018-08-21,每股派港币3.64元(可选择以股代息),2018/08/23-2018/08/24,2018-09-20,2018,中期分配,
0005.HK,汇丰银行,2018-08-16,每股派美元0.1元(相当于港币0.7850元)(可选择以股代息),,2018-09-19,2018,二季度分配,
1138.HK,中远海能,2018-07-13,每股派人民币0.05元(相当于港币0.05949元),2018/07/17-2018/07/20,2018-06-28,2017,年度分配,
0939.HK,建设银行,2018-07-09,每股派人民币0.291元(相当于港币0.34515479元),2018/07/11-2018/07/16,2018-06-29,2017,年度分配,
1398.HK,工商银行,2018-07-05,每股派人民币0.2408元(相当于港币0.289921元),2018/07/07-2018/07/12,2018-06-26,2017,年度分配,
3968.HK,招商银行,2018-07-04,每股派人民币0.84元(相当于港币1.013514元),2018/07/06-2018/07/11,2018-06-28,2017,年度分配,
1088.HK,中国神华,2018-06-28,每股派人民币0.91元(相当于港币1.127745元),2018/06/30-2018/07/06,2018-06-22,2017,年度分配,
1211.HK,比亚迪股份,2018-06-22,每股派人民币0.141元(相当于港币0.17248元),2018/06/26-2018/07/03,2018-08-09,2017,年度分配,
0883.HK,中国海洋石油,2018-06-07,每股派港币0.30元,2018/06/11-2018/06/15,2018-05-31,2017,年度分配,
0728.HK,中国电信,2018-05-31,每股派港币0.115元,2018/06/04-2018/06/11,2018-05-28,2017,年度分配,
0941.HK,中国移动,2018-05-24,每股派港币1.582元(相当于人民币1.322元),2018/05/28-2018/05/30,2018-05-17,2017,年度分配,
1299.HK,友邦保险,2018-05-23,每股派港币0.7438元,,2018-05-18,2017,年度分配,
0700.HK,腾讯控股,2018-05-18,每股派港币0.88元,2018/05/23-2018/05/24,2018-05-16,2017,年度分配,
1288.HK,农业银行,2018-05-17,每股派人民币0.1783元(相当于港币0.2203275元),2018/05/19-2018/05/24,2018-05-11,2017,年度分配,
0005.HK,汇丰银行,2018-05-17,每股派美元0.1元(相当于港币0.784833元)(可选择以股代息),,2018-07-06,2018,一季度分配,
1347.HK,华虹半导体,2018-05-14,每股派港币0.31元,2018/05/16-2018/05/23,2018-05-10,2017,年度分配,
0388.HK,香港交易所,2018-04-27,每股派港币2.85元(可选择以股代息),2018/05/02-2018/05/03,2018-06-01,2017,年度分配,
0005.HK,汇丰银行,2018-02-22,"每股派美元0.21元(相当于港币1.647262元,可选择以股代息)",,2018-03-26,2017,四季度分配,
0700.HK,腾讯控股,2017-10-18,每1256股分派1股China Literature Ltd.预留股份,2017/10/20-2017/10/20,2017-10-16,2017,特别分配,
0005.HK,汇丰银行,2017-10-12,"每股派美元0.1元(相当于港币0.779845元,可选择以股代息)",,2017-11-23,2017,三季度分配,
0883.HK,中国海洋石油,2017-09-07,每股派港币0.20元,2017/09/11-2017/09/15,2017-08-24,2017,中期分配,
0941.HK,中国移动,2017-08-31,每股派人民币1.409元(相当于港币1.623元),2017/09/04-2017/09/06,2017-08-10,2017,中期分配,
0941.HK,中国移动,2017-08-31,每股派人民币2.777元(相当于港币3.200元),2017/09/04-2017/09/06,2017-08-10,2017,特别分配,
0388.HK,香港交易所,2017-08-22,每股派港币2.55元(可选择以股代息),2017/08/24-2017/08/25,2017-09-21,2017,中期分配,
1299.HK,友邦保险,2017-08-14,每股派港币0.2562元,,2017-07-28,2017,中期分配,
0005.HK,汇丰银行,2017-08-03,每股派美元0.1元(相当于港币0.781282元)(可选择以股代息),,2017-09-13,2017,二季度分配,
1288.HK,农业银行,2017-07-05,每股派人民币0.17元(相当于港币0.1948558元),2017/07/07-2017/07/12,2017-06-28,2016,年度分配,
1398.HK,工商银行,2017-07-03,每股派人民币0.2343元(相当于港币0.267573元),2017/07/05-2017/07/10,2017-08-03,2016,年度分配,
1088.HK,中国神华,2017-06-29,每股派人民币0.46元(相当于港币0.526955元),2017/07/03-2017/07/07,2017-06-23,2016,年度分配,
1088.HK,中国神华,2017-06-29,每股派人民币2.51元(相当于港币2.875341元),2017/07/03-2017/07/07,2017-06-23,2016,特别分配,
0939.HK,建设银行,2017-06-22,每股派人民币0.278元(相当于港币0.31950351元),2017/06/24-2017/06/29,2017-06-15,2016,年度分配,
1138.HK,中远海能,2017-06-16,每股派人民币0.19元(相当于港币0.218035元),2017/06/20-2017/06/30,2017-06-22,2016,年度分配,
1330.HK,绿色动力环保,2017-06-15,每股派人民币0.06元(相当于港币0.068845元),2017/06/19-2017/06/23,2017-06-09,2016,年度分配,
0883.HK,中国海洋石油,2017-06-08,每股派港币0.23元,2017/06/12-2017/06/16,2017-05-26,2016,年度分配,
1211.HK,比亚迪股份,2017-06-08,每股派人民币0.178元(相当于港币0.20310元),2017/06/10-2017/06/15,2017-07-27,2016,年度分配,
3968.HK,招商银行,2017-06-06,每股派人民币0.74元(相当于港币0.838812元),2017/06/08-2017/06/13,2017-05-31,2016,年度分配,
0941.HK,中国移动,2017-06-02,每股派港币1.243元,2017/06/06-2017/06/08,2017-05-25,2016,年度分配,
0728.HK,中国电信,2017-05-26,每股派人民币0.093043元(相当于港币0.105元),2017/05/31-2017/06/05,2017-05-23,2016,年度分配,
0700.HK,腾讯控股,2017-05-19,每股派港币0.61元,2017/05/23-2017/05/24,2017-05-17,2016,年度分配,
0005.HK,汇丰银行,2017-05-18,每股派美元0.10元(可选择以股代息)(相当于港币0.779772元),,2017-07-06,2017,一季度分配,
1299.HK,友邦保险,2017-05-16,每股派港币0.6375元,,2017-05-12,2016,年度分配,
1347.HK,华虹半导体,2017-05-16,每股派港币0.30元,2017/05/18-2017/05/22,2017-05-11,2016,年度分配,
0388.HK,香港交易所,2017-04-28,每股派港币2.04元(可选择以股代息),2017/05/04-2017/05/05,2017-05-09,2016,年度分配,
0005.HK,汇丰银行,2017-02-23,"每股派美元0.21元(可选择以股代息,相当于港币1.631031元,相当于英镑0.166757元)",,2017-04-07,2016,年度分配,
1211.HK,比亚迪股份,2016-11-03,每股派人民币0.367元(相当于港币0.42022元),2016/11/05-2016/11/10,2016-12-05,2016,中期分配,
0005.HK,汇丰银行,2016-10-20,"每股派美元0.1元(相当于港币0.775559元,相当于英镑0.080417元)(可选择以股代息)",,2016-11-30,2016,三季度分配,
0883.HK,中国海洋石油,2016-09-08,每股派港币0.12元,2016/09/12-2016/09/20,2016-08-24,2016,中期分配,
0941.HK,中国移动,2016-09-01,每股派港币1.489元(相当于人民币1.273元),2016/09/05-2016/09/07,2016-08-11,2016,中期分配,
0388.HK,香港交易所,2016-08-23,每股派港币2.21元(可选择以股代息),2016/08/25-2016/08/26,2016-09-23,2016,中期分配,
1299.HK,友邦保险,2016-08-12,每股派港币0.219元,,2016-07-28,2016,中期分配,
0005.HK,汇丰银行,2016-08-11,"每股派美元0.1元(相当于港币0.775761元,相当于英镑0.076633元)(可选择以股代息)",,2016-09-21,2016,二季度分配,
3968.HK,招商银行,2016-07-05,"每股派人民币0.69元(相当于港币0.810497元,0.85133)",2016/07/07-2016/07/12,2016-06-29,2015,年度分配,
1288.HK,农业银行,2016-06-29,每股派人民币0.1668元(相当于港币0.1950375元),2016/07/01-2016/07/06,2016-06-28,2015,年度分配,
1398.HK,工商银行,2016-06-29,每股派人民币0.2333元(相当于港币0.275147元),2016/07/01-2016/07/07,2016-06-24,2015,年度分配,
1088.HK,中国神华,2016-06-23,每股派人民币0.32元(相当于港币0.377590元),2016/06/27-2016/07/01,2016-06-17,2015,年度分配,
1330.HK,绿色动力环保,2016-06-23,每股派人民币0.03元(相当于港币0.03541元),2016/06/25-2016/06/30,2016-06-20,2015,年度分配,
0939.HK,建设银行,2016-06-22,每股派人民币0.274元(相当于港币0.32311702元),2016/06/24-2016/06/29,2016-06-17,2015,年度分配,
0883.HK,中国海洋石油,2016-06-08,每股派港币0.25元(含税),2016/06/13-2016/06/17,2016-05-26,2015,年度分配,
0941.HK,中国移动,2016-06-02,每股派港币1.196元(相当于人民币1.002元),2016/06/06-2016/06/08,2016-05-26,2015,年度分配,
1138.HK,中远海能,2016-06-01,每股派人民币0.1元(相当于港币0.11856元),2016/06/03-2016/06/13,2016-05-20,2015,年度分配,
0728.HK,中国电信,2016-05-30,每股派人民币0.080182元(相当于港币0.095元),2016/06/01-2016/06/06,2016-05-25,2015,年度分配,
0700.HK,腾讯控股,2016-05-20,每股派港币0.47元,2016/05/24-2016/05/25,2016-05-18,2015,年度分配,
0005.HK,汇丰银行,2016-05-19,"每股派美元0.1元(相当于港币0.775746元,相当于英镑0.075421元)(可选择以股代息)",,2016-06-29,2016,一季度分配,
1347.HK,华虹半导体,2016-05-13,每股派港币0.27元,2016/05/17-2016/05/19,2016-05-11,2015,年度分配,
1299.HK,友邦保险,2016-05-10,每股派港币0.51元,,2016-05-06,2015,年度分配,
0388.HK,香港交易所,2016-05-03,每股派港币2.87元(可选择以股代息),2016/05/05-2016/05/06,2016-06-02,2015,年度分配,
0005.HK,汇丰银行,2016-03-03,每股派美元0.21元(相当于港币1.6287元)(可选择以股代息),,2016-03-10,2015,年度分配,
0005.HK,汇丰银行,2015-10-22,每股派美元0.1元(可选择以股代息)(相当于港币0.7749元),,2015-11-26,2015,三季度分配,
0883.HK,中国海洋石油,2015-09-10,每股派港币0.25元,2015/09/14-2015/09/18,2015-08-26,2015,中期分配,
0941.HK,中国移动,2015-09-07,每股派港币1.525元,2015/09/09-2015/09/11,2015-08-20,2015,中期分配,
0388.HK,香港交易所,2015-08-25,每股派港币3.08元(可选择以股代息),2015/08/27-2015/08/28,2015-09-24,2015,中期分配,
0005.HK,汇丰银行,2015-08-13,每股派美元0.1元(可选择以股代息)(相当于港币0.7749元),,2015-10-02,2015,二季度分配,
1299.HK,友邦保险,2015-08-11,每股派港币0.1872元,,2015-07-24,2015,中期分配,
1288.HK,农业银行,2015-07-02,每股派人民币0.182元（相当于港币0.2306717元）,2015/07/04-2015/07/09,2015-06-29,2014,年度分配,
1398.HK,工商银行,2015-06-29,每股派人民币0.2554元(相当于港币0.32404元),2015/07/01-2015/07/06,2015-03-26,2014,年度分配,
1138.HK,中远海能,2015-06-24,每股派人民币0.03元(相当于港币0.0380元),2015/06/26-2015/07/02,2015-06-18,2014,年度分配,
3968.HK,招商银行,2015-06-24,每股派港币0.849531元(相当于人民币0.67元),2015/06/26-2015/07/02,2015-06-19,2014,年度分配,
0939.HK,建设银行,2015-06-23,每股派人民币0.301元(相当于港币0.3815元),2015/06/25-2015/06/30,2015-06-15,2014,年度分配,
0883.HK,中国海洋石油,2015-06-04,每股派港币0.32元,2015/06/08-2015/06/12,2015-05-21,2014,年度分配,
1088.HK,中国神华,2015-06-04,每股派人民币0.74元(相当于港币0.9381元),2015/06/08-2015/06/12,2015-05-29,2014,年度分配,
0941.HK,中国移动,2015-06-04,每股派港币1.38元,2015/06/08-2015/06/10,2015-05-28,2014,年度分配,
0728.HK,中国电信,2015-06-01,每股派港币0.095元,2015/06/03-2015/06/08,2015-05-27,2014,年度分配,
0005.HK,汇丰银行,2015-05-21,每股派美元0.1元(可选择以股代息)(相当于港币0.7752元),,2015-05-05,2015,一季度分配,
0700.HK,腾讯控股,2015-05-15,每股派港币0.36元,2015/05/19-2015/05/20,2015-05-13,2014,年度分配,
1299.HK,友邦保险,2015-05-12,每股派港币0.34元,,2015-05-08,2014,年度分配,
0388.HK,香港交易所,2015-05-04,每股派港币2.15元(可选择以股代息),2015/05/06-2015/05/07,2015-04-29,2014,年度分配,
0005.HK,汇丰银行,2015-03-05,每股派美元0.2元(可选择以股代息)(相当于港币1.5520元),,2015-02-23,2014,年度分配,
0005.HK,汇丰银行,2014-10-23,每股派美元0.1元(可选择以股代息)(相当于港币0.7755元),,2014-10-06,2014,三季度分配,
0883.HK,中国海洋石油,2014-09-11,每股派港币0.25元,2014/09/15-2014/09/19,2014-08-28,2014,中期分配,
0941.HK,中国移动,2014-09-04,每股派港币1.54元,2014/09/08-2014/09/11,2014-08-14,2014,中期分配,
0005.HK,汇丰银行,2014-08-20,每股派美元0.1元(可选择以股代息)(相当于港币0.7765元),,2014-08-04,2014,二季度分配,
0388.HK,香港交易所,2014-08-19,每股派港币1.83元(可选择以股代息),2014/08/21-2014/08/22,2014-08-06,2014,中期分配,
1299.HK,友邦保险,2014-08-12,每股派港币0.16元,,2014-07-25,2014,中期分配,
1088.HK,中国神华,2014-07-03,每股派人民币0.91元(相当于港币1.1460元),2014/07/07-2014/07/11,2014-06-27,2013,年度分配,
3968.HK,招商银行,2014-07-03,每股派港币0.780921元(相当于人民币0.62元),2014/07/05-2014/07/10,2014-06-30,2013,年度分配,
0939.HK,建设银行,2014-07-02,每股派人民币0.3元(相当于港币0.3778元),2014/07/04-2014/07/09,2014-06-26,2013,年度分配,
1211.HK,比亚迪股份,2014-07-02,每股派人民币0.05元(相当于港币0.0629元),2014/07/04-2014/07/09,2014-06-25,2013,年度分配,
1288.HK,农业银行,2014-06-25,每股派人民币0.177元(相当于港币0.22287元),2014/06/27-2014/07/02,2014-06-23,2013,年度分配,
1398.HK,工商银行,2014-06-12,每股派人民币0.2617元(相当于港币0.330354元(计算值)),2014/06/14-2014/06/19,2014-04-15,2013,年度分配,
0883.HK,中国海洋石油,2014-06-05,每股派港币0.32元,2014/06/09-2014/06/13,2014-05-23,2013,年度分配,
0728.HK,中国电信,2014-06-04,每股派港币0.095元,2014/06/06-2014/06/11,2014-05-29,2013,年度分配,
0941.HK,中国移动,2014-05-27,每股派港币1.615元,2014/05/29-2014/06/03,2014-05-22,2013,年度分配,
0005.HK,汇丰银行,2014-05-21,每股派美元0.1元(可选择以股代息)(相当于港币0.7751元),,2014-05-07,2014,一季度分配,
0700.HK,腾讯控股,2014-05-16,每股派港币0.24元,2014/05/20-2014/05/21,2014-05-14,2013,年度分配,
1299.HK,友邦保险,2014-05-13,每股派港币0.2862元,,2014-05-09,2013,年度分配,
0388.HK,香港交易所,2014-04-22,每股派港币1.72元(可选择以股代息),2014/04/24-2014/04/25,2014-04-16,2013,年度分配,
0005.HK,汇丰银行,2014-03-12,每股派美元0.19元(可选择以股代息)(相当于港币1.4730元),,2014-02-24,2013,年度分配,
0005.HK,汇丰银行,2013-10-23,每股派美元0.1元(可选择以股代息)(相当于港币0.7752元),,2013-10-07,2013,三季度分配,
0941.HK,中国移动,2013-09-05,每股派港币1.696元,2013/09/09-2013/09/11,2013-08-27,2013,中期分配,
0883.HK,中国海洋石油,2013-09-05,每股派港币0.25元,2013/09/09-2013/09/13,2013-08-20,2013,中期分配,
0388.HK,香港交易所,2013-08-27,每股派港币1.82元(可选择以股代息),2013/08/29-2013/08/30,2013-08-26,2013,中期分配,
0005.HK,汇丰银行,2013-08-21,每股派美元0.1元(可选择以股代息)(相当于港币0.7754元),,2013-08-05,2013,二季度分配,
1299.HK,友邦保险,2013-08-08,每股派港币0.1393元,2013/08/12-2013/08/14,2013-07-26,2013,中期分配,
1088.HK,中国神华,2013-06-27,每股派人民币0.96元(相当于港币1.2085元),2013/07/01-2013/07/05,2013-06-24,2012,年度分配,
1288.HK,农业银行,2013-06-20,每股派人民币0.1565元(相当于港币0.1969693元),2013/06/22-2013/06/27,2013-06-19,2012,年度分配,
1398.HK,工商银行,2013-06-17,每股派人民币0.239元(相当于港币0.295642元(计算值)),2013/06/19-2013/06/25,2013-06-08,2012,年度分配,
0939.HK,建设银行,2013-06-13,每股派人民币0.268元(相当于港币0.33687386元),2013/06/15-2013/06/20,2013-06-07,2012,年度分配,
0941.HK,中国移动,2013-06-04,每股派港币1.778元,2013/06/06-2013/06/10,2013-05-31,2012,年度分配,
0728.HK,中国电信,2013-06-04,每股派人民币0.067135元(相当于港币0.085元),2013/06/06-2013/06/11,2013-05-30,2012,年度分配,
3968.HK,招商银行,2013-06-04,每股派人民币0.63元(相当于港币0.791183元),2013/06/06-2013/06/11,2013-06-04,2012,年度分配,
0883.HK,中国海洋石油,2013-05-30,每股派港币0.32元,2013/06/03-2013/06/07,2013-05-27,2012,年度分配,
0005.HK,汇丰银行,2013-05-22,每股派美元0.1元(相当于港币0.7754元)(可选择以股代息、汇率美元1.00元:港币7.75485元及英镑1.00元:美元1.519725元),,2013-05-07,2013,一季度分配,
0700.HK,腾讯控股,2013-05-20,每股派港币1元,2013/05/22-2013/05/23,2013-05-16,2012,年度分配,
1299.HK,友邦保险,2013-05-14,每股派港币0.2467元,,2013-05-13,2012,年度分配,
0388.HK,香港交易所,2013-04-26,每股派港币1.46元(可选择以股代息),2013/04/30-2013/05/02,2013-06-03,2012,年度分配,
0005.HK,汇丰银行,2013-03-20,每股派美元0.18元(相当于港币1.3972元)(可选择以股代息),,2013-05-09,2012,年度分配,
0005.HK,汇丰银行,2012-10-24,每股派美元0.09元(相当于港币0.6975元)(可选择以股代息、汇率美元1.00元:港币7.7500元及英镑1.00元:美元1.60594元),,2013-03-29,2012,特别分配,
0883.HK,中国海洋石油,2012-09-06,每股派港币0.15元,2012/09/10-2012/09/14,2012-08-22,2012,中期分配,
0941.HK,中国移动,2012-09-06,每股派港币1.633元,2012/09/10-2012/09/12,2012-08-17,2012,中期分配,
0388.HK,香港交易所,2012-08-21,每股派港币1.85元(可选择以股代息),2012/08/23-2012/08/24,2012-09-21,2012,中期分配,
0005.HK,汇丰银行,2012-08-15,每股派美元0.09元(相当于港币0.6977元)(可选择以股代息、汇率美元1.00元:港币7.7527元),2012/08/17-2012/08/17,2013-03-29,2012,二季度分配,
1299.HK,友邦保险,2012-08-09,每股派港币0.1233元,2012/08/13-2012/08/15,2012-07-27,2012,中期分配,
0939.HK,建设银行,2012-06-14,每股派人民币0.2365元(汇率港币1.00元:人民币0.81419元)(相当于港币0.2904元),2012/06/16-2012/06/21,2012-09-11,2011,年度分配,
1288.HK,农业银行,2012-06-12,每股派人民币0.1315元(汇率港币1.00元:人民币0.81446元)(相当于港币0.16145元),2012/06/14-2012/06/19,2012-09-12,2011,年度分配,
1398.HK,工商银行,2012-06-06,每股派人民币0.203元(相当于港币0.250435元(计算值)),2012/06/08-2012/06/13,2012-06-04,2011,年度分配,
0728.HK,中国电信,2012-06-05,每股派港币0.085元,2012/06/07-2012/06/12,2012-06-01,2011,年度分配,
3968.HK,招商银行,2012-06-01,每股派港币0.515441元(相当于每股派人民币0.42元),2012/06/05-2012/06/10,2012-09-12,2011,年度分配,
1088.HK,中国神华,2012-05-31,每股派人民币0.9元(相当于港币1.1064元),2012/06/04-2012/06/08,2013-01-04,2011,年度分配,
0883.HK,中国海洋石油,2012-05-30,每股派港币0.28元,2012/06/01-2012/06/06,2012-05-26,2011,年度分配,
1138.HK,中远海能,2012-05-22,每股派人民币0.1元(相当于港币0.1228元),2012/05/24-2012/05/29,2012-05-21,2011,年度分配,
0941.HK,中国移动,2012-05-21,每股派港币1.747元,2012/05/23-2012/05/25,2012-05-17,2011,年度分配,
0700.HK,腾讯控股,2012-05-18,每股派港币0.75元,2012/05/22-2012/05/23,2012-05-17,2011,年度分配,
0005.HK,汇丰银行,2012-05-16,每股派美元0.09元(相当于港币0.6983元)(可选择以股代息),,2013-03-29,2012,特别分配,
1299.HK,友邦保险,2012-05-10,每股派港币0.22元,2012/05/11-2012/05/11,2012-05-09,2011,年度分配,
0388.HK,香港交易所,2012-04-25,每股派港币2.09元(可选择以股代息),2012/04/27-2012/04/30,2012-06-04,2011,年度分配,
0005.HK,汇丰银行,2012-03-14,每股派美元0.14元(相当于港币1.0864元)(可选择以股代息),2012/03/16-2012/03/16,2013-03-29,2011,年度分配,
0005.HK,汇丰银行,2011-11-23,每股派美元0.09元(相当于港币0.6988元)(可选择以股代息),,2013-03-29,2011,特别分配,
0941.HK,中国移动,2011-09-08,每股派港币1.58元,2011/09/12-2011/09/15,2011-08-18,2011,中期分配,
0883.HK,中国海洋石油,2011-09-05,每股派港币0.25元,2011/09/07-2011/09/14,2011-08-24,2011,中期分配,
0388.HK,香港交易所,2011-08-24,每股派港币2.16元(可选择以股代息),2011/08/26-2011/08/30,2011-10-08,2011,中期分配,
0005.HK,汇丰银行,2011-08-17,每股派美元0.09元(相当于港币0.7016元)(可选择以股代息),2011/08/19-2011/08/19,2013-03-29,2011,二季度分配,
1299.HK,友邦保险,2011-08-11,每股派港币0.11元,2011/08/15-2011/08/17,2011-07-29,2011,中期分配,
0939.HK,建设银行,2011-06-16,每股派人民币0.2122元(含税)(相当于港币0.2547元),2011/06/18-2011/06/23,2011-06-10,2010,年度分配,
1288.HK,农业银行,2011-06-09,每股派人民币0.054元(相当于港币0.064172元(计算值)),2011/06/11-2011/06/16,2011-06-09,2010,年度分配,
1398.HK,工商银行,2011-06-07,"每股派人民币0.184元(相当于港币0.220708元,汇率0.83368)",2011/06/09-2011/06/14,2011-07-08,2010,年度分配,
0005.HK,汇丰银行,2011-05-18,每股派美元0.09元(相当于港币0.7008元)(可选择以股代息),,2013-03-29,2011,特别分配,
0883.HK,中国海洋石油,2011-05-18,每股派港币0.25元,2011/05/20-2011/05/27,2011-05-27,2010,年度分配,
0941.HK,中国移动,2011-05-13,每股派港币1.597元,2011/05/17-2011/05/19,2011-06-07,2010,年度分配,
0700.HK,腾讯控股,2011-05-03,每股派港币0.55元,2011/05/05-2011/05/11,2011-07-13,2010,年度分配,
3968.HK,招商银行,2011-04-28,每股派港币0.347488元(相当于人民币0.29元),2011/04/30-2011/05/30,2012-06-18,2010,年度分配,
1088.HK,中国神华,2011-04-21,每股派人民币0.75元(相当于港币0.8976元),2011/04/27-2011/05/27,2011-07-28,2010,年度分配,
1138.HK,中远海能,2011-04-21,每股派人民币0.17元(相当于港币0.2039元),2011/04/27-2011/05/27,2011-05-27,2010,年度分配,
0728.HK,中国电信,2011-04-18,每股派港币0.085元,2011/04/20-2011/05/20,2011-05-20,2010,年度分配,
0388.HK,香港交易所,2011-04-13,每股派港币2.31元(可选择以股代息),2011/04/15-2011/04/20,2011-07-13,2010,年度分配,
0005.HK,汇丰银行,2011-03-16,每股派美元0.12元(相当于港币0.9325元)(可选择以股代息),2011/03/18-2011/03/18,2013-03-29,2010,年度分配,
0005.HK,汇丰银行,2010-11-17,每股派美元0.08元(可选择以股代息),,2013-03-29,2010,三季度分配,
0941.HK,中国移动,2010-09-09,每股派港币1.417元,2010/09/13-2010/09/15,2010-08-20,2010,中期分配,
0883.HK,中国海洋石油,2010-09-01,每股派港币0.21元,2010/09/03-2010/09/08,2010-08-20,2010,中期分配,
0388.HK,香港交易所,2010-08-25,每股派港币1.89元,2010/08/27-2010/08/31,2010-08-12,2010,中期分配,
0005.HK,汇丰银行,2010-08-18,每股派美元0.08元(相当于港币0.621258元(计算值))(可选择以股代息),2010/08/20-2010/08/20,2013-03-29,2010,二季度分配,
0939.HK,建设银行,2010-06-30,"每股派人民币0.202元(相当于港币0.23070685元,汇率0.87557)",2010/07/03-2010/07/07,2010-06-24,2009,年度分配,
1288.HK,农业银行,2010-06-29,每股派人民币0.119元(相当于港币0.136109元(计算值)),2014/06/30-2014/06/30,2012-12-20,2010,特别分配,
1398.HK,工商银行,2010-05-19,每股派人民币0.17元(含税)(相当于港币0.193278元(计算值)),2010/05/21-2010/05/26,2012-03-05,2009,年度分配,
0005.HK,汇丰银行,2010-05-19,每股派美元0.08元(可选择以股代息),,2013-03-29,2010,特别分配,
1088.HK,中国神华,2010-05-17,每股派人民币0.53元(相当于港币0.602478元(计算值)),2010/05/19-2010/06/18,2010-06-18,2009,年度分配,
0883.HK,中国海洋石油,2010-05-11,每股派港币0.2元,2010/05/13-2010/05/20,2010-05-21,2009,年度分配,
3968.HK,招商银行,2010-05-10,每股派港币0.239648元(相当于人民币0.21元),2010/05/12-2010/06/23,2012-06-18,2009,年度分配,
1138.HK,中远海能,2010-05-06,每股派人民币0.1元(相当于港币0.1143元),2010/05/08-2010/06/08,2010-06-09,2009,年度分配,
0941.HK,中国移动,2010-05-06,每股派港币1.458元,2010/05/10-2010/05/12,2012-03-06,2009,年度分配,
0700.HK,腾讯控股,2010-05-05,每股派港币0.4元,2010/05/07-2010/05/12,2010-05-13,2009,年度分配,
0728.HK,中国电信,2010-04-22,每股派港币0.085元,2010/04/25-2010/05/25,2010-05-26,2009,年度分配,
0388.HK,香港交易所,2010-04-15,每股派港币2.09元,2010/04/19-2010/04/22,2012-03-05,2009,年度分配,
1211.HK,比亚迪股份,2010-04-09,每股派人民币0.33元(相当于港币0.37593元),2010/04/13-2010/05/13,2011-07-13,2009,年度分配,
0005.HK,汇丰银行,2010-03-17,每股派美元0.1元(可选择以股代息),2010/03/19-2010/03/19,2013-03-29,2009,年度分配,
0005.HK,汇丰银行,2009-11-18,每股派美元0.08元(可选择以股代息),,2009-11-02,2009,三季度分配,
0941.HK,中国移动,2009-09-14,每股派港币1.346元,2009/09/16-2009/09/18,2009-08-24,2009,中期分配,
0883.HK,中国海洋石油,2009-09-09,每股派港币0.2元,2009/09/11-2009/09/18,2010-01-12,2009,中期分配,
0388.HK,香港交易所,2009-08-26,每股派港币1.84元,2009/08/28-2009/09/01,2012-03-01,2009,中期分配,
0005.HK,汇丰银行,2009-08-19,每股派美元0.08元(相当于港币0.620007元(计算值))(可选择以股代息),2009/08/21-2009/08/21,2012-03-02,2009,二季度分配,
0939.HK,建设银行,2009-06-17,"每股派人民币0.0837元(相当于港币0.09492702元,汇率0.88173)",2009/06/19-2009/06/23,2012-08-01,2008,年度分配,
1398.HK,工商银行,2009-05-26,每股派人民币0.165元(相当于港币0.187153元(计算值)),2009/05/29-2009/06/03,2012-03-05,2008,年度分配,
0941.HK,中国移动,2009-05-25,每股派港币1.404元,2009/05/27-2009/06/01,2012-03-06,2008,年度分配,
0883.HK,中国海洋石油,2009-05-25,每股派港币0.2元,2009/05/27-2009/06/03,2009-06-01,2008,年度分配,
0005.HK,汇丰银行,2009-05-20,每股派美元0.08元(可选择以股代息),2009/05/22-2009/05/22,2009-05-05,2009,特别分配,
3968.HK,招商银行,2009-05-18,"每股派港币0.113405元(相当于人民币0.1元),每10股派送3股",2009/05/20-2009/06/19,2012-06-18,2008,年度分配,
0700.HK,腾讯控股,2009-05-06,每股派港币0.25元,2009/05/08-2009/05/13,2009-05-14,2008,年度分配,
0700.HK,腾讯控股,2009-05-06,每股派港币0.1元,2009/05/08-2009/05/13,2009-05-14,2008,特别分配,
1088.HK,中国神华,2009-05-04,每股派人民币0.46元(相当于港币0.521838元(计算值)),2009/05/06-2009/06/05,2009-06-08,2008,年度分配,
0728.HK,中国电信,2009-04-23,每股派港币0.085元,2009/04/26-2009/05/26,2009-05-27,2008,年度分配,
1138.HK,中远海能,2009-04-22,每股派人民币0.3元(相当于港币0.340422元(计算值)),2009/04/24-2009/05/25,2012-03-05,2008,年度分配,
0388.HK,香港交易所,2009-04-16,每股派港币1.8元,2009/04/20-2009/04/23,2009-04-24,2008,年度分配,
0005.HK,汇丰银行,2009-03-18,每股派美元0.1元(可选择以股代息),2009/03/20-2009/03/20,2009-05-07,2008,年度分配,
0005.HK,汇丰银行,2008-11-19,每股派美元0.18元(可选择以股代息),2008/11/21-2008/11/21,2009-07-14,2008,三季度分配,
0939.HK,建设银行,2008-11-06,"每股派人民币0.1105元(相当于港币0.12535878元,汇率0.88147)",2008/11/10-2008/11/14,2012-03-06,2008,中期分配,
0941.HK,中国移动,2008-09-12,每股派港币1.339元,2008/09/17-2008/09/19,2008-08-28,2008,中期分配,
0883.HK,中国海洋石油,2008-09-10,每股派港币0.2元,2008/09/12-2008/09/19,2008-08-28,2008,中期分配,
0388.HK,香港交易所,2008-08-27,每股派港币2.49元,2008/08/29-2008/09/02,2008-08-14,2008,中期分配,
0005.HK,汇丰银行,2008-08-20,每股派美元0.18元(相当于港币1.404677元(计算值))(可选择以股代息),2008/08/22-2008/08/22,2008-09-04,2008,二季度分配,
0939.HK,建设银行,2008-06-17,"每股派人民币0.065元(相当于港币0.07354772,汇率0.88378)",2008/06/19-2008/06/23,2008-06-13,2007,年度分配,
1398.HK,工商银行,2008-06-10,每股派人民币0.133元(相当于港币0.146958元(计算值)),2008/06/12-2008/06/17,2008-06-06,2007,年度分配,
3968.HK,招商银行,2008-05-26,每股派港币0.318290元(相当于人民币0.28元),2008/05/28-2008/06/27,2012-06-18,2007,年度分配,
0005.HK,汇丰银行,2008-05-21,每股派美元0.18元(可选择以股代息),2008/05/23-2008/05/23,2008-06-03,2008,一季度分配,
0883.HK,中国海洋石油,2008-05-20,每股派港币0.17元,2008/05/22-2008/05/29,2008-05-30,2007,年度分配,
0700.HK,腾讯控股,2008-05-06,每股派港币0.16元,2008/05/08-2008/05/14,2012-03-02,2007,年度分配,
0941.HK,中国移动,2008-05-02,每股派港币1.16元,2008/05/06-2008/05/08,2008-05-09,2007,特别分配,
1138.HK,中远海能,2008-05-02,每股派人民币0.5元(相当于港币0.553851元(计算值)),2008/05/06-2008/06/06,2012-03-05,2007,年度分配,
0728.HK,中国电信,2008-04-28,每股派港币0.085元,2008/04/30-2008/05/30,2008-06-02,2007,年度分配,
0388.HK,香港交易所,2008-04-17,每股派港币3.4元,2008/04/21-2008/04/24,2008-03-06,2007,年度分配,
1088.HK,中国神华,2008-04-14,每股派人民币0.18元(相当于港币0.19772元(计算值)),2008/04/16-2008/05/15,2008-03-16,2007,年度分配,
1088.HK,中国神华,2008-04-14,每股派人民币0.3176元(相当于港币0.348865元(计算值)),2008/04/16-2008/05/15,2008-03-16,2007,特别分配,
0005.HK,汇丰银行,2008-03-19,每股派美元0.39元(可选择以股代息),2008/03/25-2008/03/25,2008-04-03,2007,年度分配,
1211.HK,比亚迪股份,2008-02-15,"每股派人民币1.3元(相当于港币1.409887元(计算值)),每10股转28股",2008/02/19-2008/03/20,2012-12-12,2007,中期分配,
0005.HK,汇丰银行,2007-11-21,每股派美元0.17元(可选择以股代息),2007/11/23-2007/11/23,2007-12-05,2007,三季度分配,
1088.HK,中国神华,2007-11-12,每股派人民币0.92863元(相当于港币0.961434元(计算值)),2007/11/14-2007/11/18,2007-10-26,2007,特别分配,
0939.HK,建设银行,2007-09-25,"每股派人民币0.072716元(相当于港币0.07502605元,汇率0.96921)",2007/09/28-2007/10/04,2007-08-26,2007,特别分配,
0939.HK,建设银行,2007-09-25,"每股派人民币0.067元(相当于港币0.06912847元,汇率0.96921)",2007/09/28-2007/10/04,2007-08-26,2007,中期分配,
0883.HK,中国海洋石油,2007-09-12,每股派港币0.13元,2007/09/14-2007/09/21,2007-08-30,2007,中期分配,
0388.HK,香港交易所,2007-09-05,每股派港币1.79元,2007/09/07-2007/09/11,2007-08-15,2007,中期分配,
0941.HK,中国移动,2007-09-03,每股派港币0.085元,2007/09/05-2007/09/07,2007-08-16,2007,特别分配,
0941.HK,中国移动,2007-09-03,每股派港币0.837元,2007/09/05-2007/09/07,2007-08-16,2007,中期分配,
0005.HK,汇丰银行,2007-08-15,每股派美元0.17元(相当于港币1.330095元(计算值))(可选择以股代息),2007/08/17-2007/08/17,2007-08-29,2007,二季度分配,
1211.HK,比亚迪股份,2007-06-18,每3股分派1股比亚迪电子优先发售之保留股份,2007/06/21-2007/06/21,2007-05-25,2007,特别分配,
1398.HK,工商银行,2007-06-13,每股派人民币0.016元(相当于港币0.016179元(计算值)),2007/06/15-2007/06/20,2012-03-05,2006,年度分配,
0005.HK,汇丰银行,2007-05-16,每股派美元0.17元(相当于港币1.32964元(计算值))(可选择以股代息),2007/05/18-2007/05/18,2007-06-04,2007,一季度分配,
0883.HK,中国海洋石油,2007-05-16,每股派港币0.14元,2007/05/18-2007/05/25,2007-06-04,2006,年度分配,
3968.HK,招商银行,2007-05-14,每股派港币0.122747元(相当于人民币0.12元),2007/05/16-2007/06/15,2012-06-18,2006,年度分配,
0941.HK,中国移动,2007-05-10,每股派港币0.763元,2007/05/14-2007/05/16,2012-03-06,2006,年度分配,
0941.HK,中国移动,2007-05-10,每股派港币0.069元,2007/05/14-2007/05/16,2012-03-06,2006,特别分配,
0939.HK,建设银行,2007-05-10,"每股派人民币0.092元(相当于港币0.09427292元,汇率0.97589)",2007/05/14-2007/06/12,2007-06-13,2006,年度分配,
0700.HK,腾讯控股,2007-05-09,每股派港币0.12元,2007/05/11-2007/05/16,2007-05-17,2006,年度分配,
1211.HK,比亚迪股份,2007-05-08,每股派人民币0.4元(相当于港币0.403955元(计算值)),2007/05/10-2007/06/08,2007-03-19,2006,年度分配,
1138.HK,中远海能,2007-05-07,每股派人民币0.3元(相当于港币0.303052元(计算值)),2007/05/09-2007/06/07,2012-03-05,2006,年度分配,
0728.HK,中国电信,2007-04-26,每股派港币0.085元,2007/04/29-2007/05/29,2007-06-04,2006,年度分配,
0388.HK,香港交易所,2007-04-19,每股派港币1.19元,2007/04/23-2007/04/26,2007-04-27,2006,年度分配,
1088.HK,中国神华,2007-04-12,每股派人民币0.34元(相当于港币0.343282元(计算值)),2007/04/14-2007/05/14,2007-06-04,2006,年度分配,
0005.HK,汇丰银行,2007-03-21,每股派美元0.36元(可选择以股代息),2007/03/23-2007/03/23,2007-04-05,2006,年度分配,
0005.HK,汇丰银行,2006-11-22,每股派美元0.15元(可选择以股代息),2006/11/24-2006/11/24,2006-12-11,2006,三季度分配,
0883.HK,中国海洋石油,2006-09-13,每股派港币0.12元,2006/09/15-2006/09/22,2006-08-30,2006,中期分配,
0388.HK,香港交易所,2006-09-06,每股派港币0.94元,2006/09/08-2006/09/12,2006-08-16,2006,中期分配,
0941.HK,中国移动,2006-09-04,每股派港币0.62元,2006/09/06-2006/09/08,2006-08-18,2006,中期分配,
0941.HK,中国移动,2006-09-04,每股派港币0.09元,2006/09/06-2006/09/08,2006-08-18,2006,特别分配,
0005.HK,汇丰银行,2006-08-16,每股派美元0.15元(相当于港币1.165786元(计算值))(可选择以股代息),2006/08/18-2006/08/18,2006-12-11,2006,二季度分配,
0005.HK,汇丰银行,2006-05-17,每股派美元0.15元(相当于港币1.163081元(计算值))(可选择以股代息),2006/05/19-2006/05/19,2007-05-23,2006,一季度分配,
0883.HK,中国海洋石油,2006-05-15,每股派港币0.1元,2006/05/17-2006/05/24,2007-05-25,2005,年度分配,
0700.HK,腾讯控股,2006-05-15,每股派港币0.08元,2006/05/17-2006/05/24,2007-06-07,2005,年度分配,
0939.HK,建设银行,2006-05-12,"每股派人民币0.015元(相当于港币0.01455265元,汇率1.03074)",2006/05/16-2006/06/14,2007-05-25,2005,年度分配,
0941.HK,中国移动,2006-05-12,每股派港币0.57元,2006/05/16-2006/05/18,2006-04-11,2005,年度分配,
1138.HK,中远海能,2006-04-25,每股派人民币0.3元(相当于港币0.29022元(计算值)),2006/04/27-2006/05/26,2007-05-25,2005,年度分配,
0728.HK,中国电信,2006-04-20,每股派港币0.075元,2006/04/24-2006/05/23,2007-05-25,2005,年度分配,
0388.HK,香港交易所,2006-04-19,每股派港币0.64元,2006/04/21-2006/04/26,2006-07-03,2005,年度分配,
1088.HK,中国神华,2006-04-10,每股派人民币0.125元(相当于港币0.12054元(计算值)),2006/04/12-2006/05/12,2006-03-13,2005,年度分配,
0005.HK,汇丰银行,2006-03-22,每股派美元0.31元(可选择以股代息),2006/03/24-2006/03/24,2006-07-11,2005,年度分配,
0005.HK,汇丰银行,2005-11-23,每股派美元0.14元(可选择以股代息),2005/11/25-2005/11/25,2006-07-11,2005,三季度分配,
0883.HK,中国海洋石油,2005-09-13,每股派港币0.05元,2005/09/15-2005/09/22,2007-05-25,2005,中期分配,
0883.HK,中国海洋石油,2005-09-13,每股派港币0.05元,2005/09/15-2005/09/22,2007-05-25,2005,特别分配,
0388.HK,香港交易所,2005-09-05,每股派港币0.49元,2005/09/07-2005/09/09,2006-07-03,2005,中期分配,
0941.HK,中国移动,2005-08-29,每股派港币0.45元,2005/08/31-2005/09/02,2005-08-11,2005,中期分配,
0005.HK,汇丰银行,2005-08-17,每股派美元0.14元(相当于港币1.088731元(计算值))(可选择以股代息),2005/08/19-2005/08/19,2006-07-11,2005,二季度分配,
0005.HK,汇丰银行,2005-05-18,每股派美元0.14元(相当于港币1.09元)(可选择以股代息),2005/05/20-2005/05/20,2006-07-11,2005,一季度分配,
0883.HK,中国海洋石油,2005-05-13,每股派港币0.03元,2005/05/18-2005/05/25,2005-11-10,2004,年度分配,
0883.HK,中国海洋石油,2005-05-13,每股派港币0.05元,2005/05/18-2005/05/25,2005-11-10,2004,特别分配,
0941.HK,中国移动,2005-05-06,每股派港币0.46元,2005/05/10-2005/05/12,2005-03-11,2004,年度分配,
1138.HK,中远海能,2005-04-27,每股派人民币0.15元(相当于港币0.141403元(计算值)),2005/04/29-2005/05/30,2007-05-25,2004,年度分配,
0728.HK,中国电信,2005-04-21,每股派港币0.065元,2005/04/25-2005/05/25,2012-08-01,2004,年度分配,
0700.HK,腾讯控股,2005-04-19,每股派港币0.07元,2005/04/21-2005/04/27,2007-06-07,2004,年度分配,
1211.HK,比亚迪股份,2005-04-14,每股派人民币0.577元(相当于港币0.54398元(计算值)),2005/04/18-2005/05/17,2007-05-25,2004,年度分配,
0388.HK,香港交易所,2005-04-04,每股派港币0.47元,2005/04/07-2005/04/12,2006-07-03,2004,年度分配,
0005.HK,汇丰银行,2005-03-16,每股派美元0.27元(可选择以股代息),2005/03/18-2005/03/18,2006-07-11,2004,年度分配,
0005.HK,汇丰银行,2004-11-24,每股派美元0.13元(可选择以股代息),2004/11/26-2004/11/26,2005-01-20,2004,三季度分配,
0883.HK,中国海洋石油,2004-09-15,每股派港币0.05元,2004/09/17-2004/09/23,2005-11-10,2004,特别分配,
0883.HK,中国海洋石油,2004-09-15,每股派港币0.03元,2004/09/17-2004/09/23,2005-11-10,2004,中期分配,
0941.HK,中国移动,2004-09-06,每股派港币0.2元,2004/09/08-2004/09/10,2004-08-19,2004,中期分配,
0388.HK,香港交易所,2004-09-03,每股派港币0.43元,2004/09/07-2004/09/09,2006-07-03,2004,中期分配,
0005.HK,汇丰银行,2004-08-18,每股派美元0.13元(相当于港币1.014135元(计算值))(可选择以股代息),2004/08/20-2004/08/20,2006-07-11,2004,二季度分配,
0941.HK,中国移动,2004-06-10,每股派港币0.2元,2004/06/14-2004/06/16,2004-03-19,2003,年度分配,
0005.HK,汇丰银行,2004-05-19,每股派0.13美元(相当于港币1.0076元)(可选择以股代息),2004/05/21-2004/05/21,2006-07-11,2004,一季度分配,
1138.HK,中远海能,2004-05-07,每股派人民币0.15元(相当于港币0.141296元(计算值)),2004/05/11-2004/06/10,2005-11-10,2003,年度分配,
0883.HK,中国海洋石油,2004-04-14,每股派港币0.12元,2004/04/16-2004/04/23,2005-11-10,2003,年度分配,
0883.HK,中国海洋石油,2004-04-14,每股派港币0.18元,2004/04/16-2004/04/23,2005-11-10,2003,特别分配,
0728.HK,中国电信,2004-04-01,每股派港币0.065元(相当于人民币0.0689元),2004/04/03-2004/05/03,2012-06-13,2003,年度分配,
0388.HK,香港交易所,2004-03-24,每股派港币1.68元,2004/03/26-2004/03/31,2006-07-03,2003,特别分配,
0388.HK,香港交易所,2004-03-24,每股派港币0.42元,2004/03/26-2004/03/31,2006-07-03,2003,年度分配,
0005.HK,汇丰银行,2004-03-17,每股派美元0.24元(可选择以股代息),2004/03/19-2004/03/19,2006-07-11,2003,年度分配,
1211.HK,比亚迪股份,2004-03-11,每股派人民币0.512元(相当于港币0.481022元(计算值)),2004/03/15-2004/04/14,2005-11-10,2003,年度分配,
0005.HK,汇丰银行,2003-11-26,每股派美元0.12元(可选择以股代息),2003/11/28-2003/11/28,2006-07-11,2003,三季度分配,
0883.HK,中国海洋石油,2003-09-17,每股派港币0.18元,2003/09/19-2003/09/25,2005-11-10,2003,特别分配,
0883.HK,中国海洋石油,2003-09-17,每股派港币0.14元,2003/09/19-2003/09/25,2005-11-10,2003,中期分配,
0388.HK,香港交易所,2003-09-05,每股派港币0.18元,2003/09/09-2003/09/11,2006-07-03,2003,中期分配,
0941.HK,中国移动,2003-08-29,每股派港币0.16元,2003/09/02-2003/09/04,2003-08-12,2003,中期分配,
0005.HK,汇丰银行,2003-08-20,每股派美元0.24元(相当于港币1.872493元(计算值))(可选择以股代息),2003/08/22-2003/08/22,2006-07-11,2003,二季度分配,
0883.HK,中国海洋石油,2003-05-21,每股派港币0.15元,2003/05/23-2003/05/29,2005-11-10,2002,特别分配,
0883.HK,中国海洋石油,2003-05-21,每股派港币0.15元,2003/05/23-2003/05/29,2005-11-10,2002,年度分配,
0728.HK,中国电信,2003-05-16,每股派港币0.065元,2003/05/20-2003/06/20,2012-06-13,2002,年度分配,
1138.HK,中远海能,2003-04-24,每股派人民币0.1元(相当于港币0.094233元(计算值)),2003/04/27-2003/05/27,2005-11-10,2002,年度分配,
0388.HK,香港交易所,2003-04-08,每股派港币0.43元,2003/04/10-2003/04/15,2007-03-12,2002,年度分配,
0941.HK,中国移动,2003-04-01,每股派港币0.32元,2003/04/03-2003/04/04,2003-03-18,2002,年度分配,
0005.HK,汇丰银行,2003-03-19,每股派美元0.325元(可选择以股代息),2003/03/21-2003/03/21,2006-07-11,2002,年度分配,
1211.HK,比亚迪股份,2003-03-06,每股派人民币0.284元(相当于港币0.267697元(计算值)),2003/03/08-2003/04/07,2005-11-10,2002,年度分配,
0883.HK,中国海洋石油,2002-09-16,每股派港币0.11元,2002/09/18-2002/09/23,2005-11-10,2002,中期分配,
0388.HK,香港交易所,2002-09-05,每股派港币0.08元,2002/09/09-2002/09/11,2007-03-12,2002,中期分配,
0005.HK,汇丰银行,2002-08-21,每股派美元0.205元(可选择以股代息),2002/08/23-2002/08/23,2006-06-30,2002,中期分配,
0883.HK,中国海洋石油,2002-05-27,每股派港币0.15元,2002/05/29-2002/06/04,2005-11-10,2001,年度分配,
1138.HK,中远海能,2002-04-25,每股派人民币0.05元(相当于港币0.04713元(计算值)),2002/04/27-2002/05/27,2005-11-10,2001,年度分配,
0388.HK,香港交易所,2002-04-11,每股派港币0.25元,2002/04/15-2002/04/17,2007-03-12,2001,年度分配,
0005.HK,汇丰银行,2002-03-20,每股派美元0.29元(相当于港币2.263072元(计算值))(可选择以股代息),2002/03/22-2002/03/22,2006-06-30,2001,年度分配,
0388.HK,香港交易所,2001-10-08,每股派港币0.08元,2001/10/10-2001/10/12,2001-09-12,2001,中期分配,
0883.HK,中国海洋石油,2001-09-20,每股派港币0.1元,2001/09/24-2001/09/28,2005-11-10,2001,中期分配,
0005.HK,汇丰银行,2001-08-22,每股派美元0.19元(可选择以股代息)相当于港币1.483018(计算值)),2001/08/24-2001/08/24,2006-07-10,2001,中期分配,
0388.HK,香港交易所,2001-04-23,每股派港币0.25元,2001/04/25-2001/04/27,2001-03-13,2000,年度分配,
1138.HK,中远海能,2001-04-19,每股派人民币0.05元(相当于港币0.047103元(计算值)),2001/04/21-2001/05/22,2012-12-12,2000,年度分配,
0005.HK,汇丰银行,2001-03-14,每股派美元0.285元(可选择以股代息)(相当于港币2.223639(计算值)),2001/03/16-2001/03/16,2006-07-10,2000,年度分配,
0388.HK,香港交易所,2000-10-04,每股派港币0.08元,2000/10/09-2000/10/11,2000-09-06,2000,中期分配,
0005.HK,汇丰银行,2000-08-14,每股派美元0.15元(可选择以股代息)(相当于港币1.169847(计算值)),2000/08/16-2000/08/18,2006-07-10,2000,中期分配,
0005.HK,汇丰银行,2000-03-13,每股派美元0.207元(可选择以股代息)(相当于港币1.611653(计算值)),2000/03/15-2000/03/17,2006-07-10,1999,年度分配,
0005.HK,汇丰银行,1999-08-16,每股派美元0.133元(相当于港币1.032928元(计算值))(可选择以股代息),1999/08/18-1999/08/20,2006-07-10,1999,二季度分配,
